[
  {
    "name": "Application Start",
    "start": 1594969501199,
    "end": 1594969502107,
    "duration": 908,
    "pid": 11968,
    "index": 0
  },
  {
    "name": "Load Plugin",
    "start": 1594969501203,
    "end": 1594969501226,
    "duration": 23,
    "pid": 11968,
    "index": 1
  },
  {
    "name": "Load Config",
    "start": 1594969501226,
    "end": 1594969501248,
    "duration": 22,
    "pid": 11968,
    "index": 2
  },
  {
    "name": "Require(0) config/config.default.js",
    "start": 1594969501226,
    "end": 1594969501227,
    "duration": 1,
    "pid": 11968,
    "index": 3
  },
  {
    "name": "Require(1) node_modules/_egg-session@3.2.0@egg-session/config/config.default.js",
    "start": 1594969501228,
    "end": 1594969501229,
    "duration": 1,
    "pid": 11968,
    "index": 4
  },
  {
    "name": "Require(2) node_modules/_egg-security@2.8.0@egg-security/config/config.default.js",
    "start": 1594969501229,
    "end": 1594969501230,
    "duration": 1,
    "pid": 11968,
    "index": 5
  },
  {
    "name": "Require(3) node_modules/_egg-jsonp@2.0.0@egg-jsonp/config/config.default.js",
    "start": 1594969501230,
    "end": 1594969501231,
    "duration": 1,
    "pid": 11968,
    "index": 6
  },
  {
    "name": "Require(4) node_modules/_egg-onerror@2.1.0@egg-onerror/config/config.default.js",
    "start": 1594969501231,
    "end": 1594969501232,
    "duration": 1,
    "pid": 11968,
    "index": 7
  },
  {
    "name": "Require(5) node_modules/_egg-i18n@2.1.1@egg-i18n/config/config.default.js",
    "start": 1594969501232,
    "end": 1594969501233,
    "duration": 1,
    "pid": 11968,
    "index": 8
  },
  {
    "name": "Require(6) node_modules/_egg-watcher@3.1.1@egg-watcher/config/config.default.js",
    "start": 1594969501233,
    "end": 1594969501233,
    "duration": 0,
    "pid": 11968,
    "index": 9
  },
  {
    "name": "Require(7) node_modules/_egg-schedule@3.6.4@egg-schedule/config/config.default.js",
    "start": 1594969501234,
    "end": 1594969501234,
    "duration": 0,
    "pid": 11968,
    "index": 10
  },
  {
    "name": "Require(8) node_modules/_egg-multipart@2.10.3@egg-multipart/config/config.default.js",
    "start": 1594969501235,
    "end": 1594969501235,
    "duration": 0,
    "pid": 11968,
    "index": 11
  },
  {
    "name": "Require(9) node_modules/_egg-development@2.5.0@egg-development/config/config.default.js",
    "start": 1594969501236,
    "end": 1594969501236,
    "duration": 0,
    "pid": 11968,
    "index": 12
  },
  {
    "name": "Require(10) node_modules/_egg-logrotator@3.1.0@egg-logrotator/config/config.default.js",
    "start": 1594969501237,
    "end": 1594969501237,
    "duration": 0,
    "pid": 11968,
    "index": 13
  },
  {
    "name": "Require(11) node_modules/_egg-static@2.2.0@egg-static/config/config.default.js",
    "start": 1594969501237,
    "end": 1594969501238,
    "duration": 1,
    "pid": 11968,
    "index": 14
  },
  {
    "name": "Require(12) node_modules/_egg-view@2.1.2@egg-view/config/config.default.js",
    "start": 1594969501238,
    "end": 1594969501239,
    "duration": 1,
    "pid": 11968,
    "index": 15
  },
  {
    "name": "Require(13) node_modules/_egg-sequelize@5.2.2@egg-sequelize/config/config.default.js",
    "start": 1594969501239,
    "end": 1594969501240,
    "duration": 1,
    "pid": 11968,
    "index": 16
  },
  {
    "name": "Require(14) node_modules/_egg-cors@2.2.3@egg-cors/config/config.default.js",
    "start": 1594969501240,
    "end": 1594969501241,
    "duration": 1,
    "pid": 11968,
    "index": 17
  },
  {
    "name": "Require(15) node_modules/_egg-jwt@3.1.7@egg-jwt/config/config.default.js",
    "start": 1594969501241,
    "end": 1594969501241,
    "duration": 0,
    "pid": 11968,
    "index": 18
  },
  {
    "name": "Require(16) node_modules/_egg@2.27.0@egg/config/config.default.js",
    "start": 1594969501242,
    "end": 1594969501242,
    "duration": 0,
    "pid": 11968,
    "index": 19
  },
  {
    "name": "Require(17) config/config.default.js",
    "start": 1594969501243,
    "end": 1594969501243,
    "duration": 0,
    "pid": 11968,
    "index": 20
  },
  {
    "name": "Require(18) node_modules/_egg-security@2.8.0@egg-security/config/config.local.js",
    "start": 1594969501244,
    "end": 1594969501244,
    "duration": 0,
    "pid": 11968,
    "index": 21
  },
  {
    "name": "Require(19) node_modules/_egg-watcher@3.1.1@egg-watcher/config/config.local.js",
    "start": 1594969501245,
    "end": 1594969501246,
    "duration": 1,
    "pid": 11968,
    "index": 22
  },
  {
    "name": "Require(20) node_modules/_egg-view@2.1.2@egg-view/config/config.local.js",
    "start": 1594969501247,
    "end": 1594969501247,
    "duration": 0,
    "pid": 11968,
    "index": 23
  },
  {
    "name": "Require(21) node_modules/_egg@2.27.0@egg/config/config.local.js",
    "start": 1594969501248,
    "end": 1594969501248,
    "duration": 0,
    "pid": 11968,
    "index": 24
  },
  {
    "name": "Load extend/application.js",
    "start": 1594969501250,
    "end": 1594969501323,
    "duration": 73,
    "pid": 11968,
    "index": 25
  },
  {
    "name": "Require(22) node_modules/_egg-session@3.2.0@egg-session/app/extend/application.js",
    "start": 1594969501250,
    "end": 1594969501251,
    "duration": 1,
    "pid": 11968,
    "index": 26
  },
  {
    "name": "Require(23) node_modules/_egg-security@2.8.0@egg-security/app/extend/application.js",
    "start": 1594969501251,
    "end": 1594969501252,
    "duration": 1,
    "pid": 11968,
    "index": 27
  },
  {
    "name": "Require(24) node_modules/_egg-jsonp@2.0.0@egg-jsonp/app/extend/application.js",
    "start": 1594969501253,
    "end": 1594969501255,
    "duration": 2,
    "pid": 11968,
    "index": 28
  },
  {
    "name": "Require(25) node_modules/_egg-logrotator@3.1.0@egg-logrotator/app/extend/application.js",
    "start": 1594969501257,
    "end": 1594969501260,
    "duration": 3,
    "pid": 11968,
    "index": 29
  },
  {
    "name": "Require(26) node_modules/_egg-view@2.1.2@egg-view/app/extend/application.js",
    "start": 1594969501261,
    "end": 1594969501263,
    "duration": 2,
    "pid": 11968,
    "index": 30
  },
  {
    "name": "Require(27) node_modules/_egg-jwt@3.1.7@egg-jwt/app/extend/application.js",
    "start": 1594969501264,
    "end": 1594969501319,
    "duration": 55,
    "pid": 11968,
    "index": 31
  },
  {
    "name": "Load extend/request.js",
    "start": 1594969501323,
    "end": 1594969501332,
    "duration": 9,
    "pid": 11968,
    "index": 32
  },
  {
    "name": "Require(28) node_modules/_egg@2.27.0@egg/app/extend/request.js",
    "start": 1594969501327,
    "end": 1594969501329,
    "duration": 2,
    "pid": 11968,
    "index": 33
  },
  {
    "name": "Load extend/response.js",
    "start": 1594969501332,
    "end": 1594969501342,
    "duration": 10,
    "pid": 11968,
    "index": 34
  },
  {
    "name": "Require(29) node_modules/_egg@2.27.0@egg/app/extend/response.js",
    "start": 1594969501336,
    "end": 1594969501339,
    "duration": 3,
    "pid": 11968,
    "index": 35
  },
  {
    "name": "Load extend/context.js",
    "start": 1594969501342,
    "end": 1594969501426,
    "duration": 84,
    "pid": 11968,
    "index": 36
  },
  {
    "name": "Require(30) node_modules/_egg-security@2.8.0@egg-security/app/extend/context.js",
    "start": 1594969501343,
    "end": 1594969501360,
    "duration": 17,
    "pid": 11968,
    "index": 37
  },
  {
    "name": "Require(31) node_modules/_egg-jsonp@2.0.0@egg-jsonp/app/extend/context.js",
    "start": 1594969501360,
    "end": 1594969501362,
    "duration": 2,
    "pid": 11968,
    "index": 38
  },
  {
    "name": "Require(32) node_modules/_egg-i18n@2.1.1@egg-i18n/app/extend/context.js",
    "start": 1594969501363,
    "end": 1594969501363,
    "duration": 0,
    "pid": 11968,
    "index": 39
  },
  {
    "name": "Require(33) node_modules/_egg-multipart@2.10.3@egg-multipart/app/extend/context.js",
    "start": 1594969501364,
    "end": 1594969501419,
    "duration": 55,
    "pid": 11968,
    "index": 40
  },
  {
    "name": "Require(34) node_modules/_egg-view@2.1.2@egg-view/app/extend/context.js",
    "start": 1594969501420,
    "end": 1594969501421,
    "duration": 1,
    "pid": 11968,
    "index": 41
  },
  {
    "name": "Require(35) node_modules/_egg@2.27.0@egg/app/extend/context.js",
    "start": 1594969501421,
    "end": 1594969501423,
    "duration": 2,
    "pid": 11968,
    "index": 42
  },
  {
    "name": "Load extend/helper.js",
    "start": 1594969501427,
    "end": 1594969501458,
    "duration": 31,
    "pid": 11968,
    "index": 43
  },
  {
    "name": "Require(36) node_modules/_egg-security@2.8.0@egg-security/app/extend/helper.js",
    "start": 1594969501427,
    "end": 1594969501451,
    "duration": 24,
    "pid": 11968,
    "index": 44
  },
  {
    "name": "Require(37) node_modules/_egg@2.27.0@egg/app/extend/helper.js",
    "start": 1594969501454,
    "end": 1594969501454,
    "duration": 0,
    "pid": 11968,
    "index": 45
  },
  {
    "name": "Load app.js",
    "start": 1594969501458,
    "end": 1594969501497,
    "duration": 39,
    "pid": 11968,
    "index": 46
  },
  {
    "name": "Require(38) node_modules/_egg-session@3.2.0@egg-session/app.js",
    "start": 1594969501458,
    "end": 1594969501459,
    "duration": 1,
    "pid": 11968,
    "index": 47
  },
  {
    "name": "Require(39) node_modules/_egg-security@2.8.0@egg-security/app.js",
    "start": 1594969501459,
    "end": 1594969501461,
    "duration": 2,
    "pid": 11968,
    "index": 48
  },
  {
    "name": "Require(40) node_modules/_egg-onerror@2.1.0@egg-onerror/app.js",
    "start": 1594969501462,
    "end": 1594969501474,
    "duration": 12,
    "pid": 11968,
    "index": 49
  },
  {
    "name": "Require(41) node_modules/_egg-i18n@2.1.1@egg-i18n/app.js",
    "start": 1594969501474,
    "end": 1594969501484,
    "duration": 10,
    "pid": 11968,
    "index": 50
  },
  {
    "name": "Require(42) node_modules/_egg-watcher@3.1.1@egg-watcher/app.js",
    "start": 1594969501484,
    "end": 1594969501489,
    "duration": 5,
    "pid": 11968,
    "index": 51
  },
  {
    "name": "Require(43) node_modules/_egg-schedule@3.6.4@egg-schedule/app.js",
    "start": 1594969501489,
    "end": 1594969501492,
    "duration": 3,
    "pid": 11968,
    "index": 52
  },
  {
    "name": "Require(44) node_modules/_egg-multipart@2.10.3@egg-multipart/app.js",
    "start": 1594969501492,
    "end": 1594969501492,
    "duration": 0,
    "pid": 11968,
    "index": 53
  },
  {
    "name": "Require(45) node_modules/_egg-development@2.5.0@egg-development/app.js",
    "start": 1594969501493,
    "end": 1594969501493,
    "duration": 0,
    "pid": 11968,
    "index": 54
  },
  {
    "name": "Require(46) node_modules/_egg-logrotator@3.1.0@egg-logrotator/app.js",
    "start": 1594969501493,
    "end": 1594969501494,
    "duration": 1,
    "pid": 11968,
    "index": 55
  },
  {
    "name": "Require(47) node_modules/_egg-static@2.2.0@egg-static/app.js",
    "start": 1594969501494,
    "end": 1594969501494,
    "duration": 0,
    "pid": 11968,
    "index": 56
  },
  {
    "name": "Require(48) node_modules/_egg-sequelize@5.2.2@egg-sequelize/app.js",
    "start": 1594969501495,
    "end": 1594969501495,
    "duration": 0,
    "pid": 11968,
    "index": 57
  },
  {
    "name": "Require(49) node_modules/_egg-cors@2.2.3@egg-cors/app.js",
    "start": 1594969501496,
    "end": 1594969501496,
    "duration": 0,
    "pid": 11968,
    "index": 58
  },
  {
    "name": "Require(50) node_modules/_egg-jwt@3.1.7@egg-jwt/app.js",
    "start": 1594969501496,
    "end": 1594969501496,
    "duration": 0,
    "pid": 11968,
    "index": 59
  },
  {
    "name": "Before Start in node_modules/_egg-watcher@3.1.1@egg-watcher/lib/init.js:15:14",
    "start": 1594969501510,
    "end": 1594969502018,
    "duration": 508,
    "pid": 11968,
    "index": 60
  },
  {
    "name": "Load \"Symbol(crm)\" to Application",
    "start": 1594969501855,
    "end": 1594969501863,
    "duration": 8,
    "pid": 11968,
    "index": 61
  },
  {
    "name": "Load \"Symbol(road)\" to Application",
    "start": 1594969501863,
    "end": 1594969501870,
    "duration": 7,
    "pid": 11968,
    "index": 62
  },
  {
    "name": "Before Start in node_modules/_egg-sequelize@5.2.2@egg-sequelize/lib/loader.js:39:7",
    "start": 1594969501870,
    "end": 1594969502107,
    "duration": 237,
    "pid": 11968,
    "index": 63
  },
  {
    "name": "Load Service",
    "start": 1594969501871,
    "end": 1594969501885,
    "duration": 14,
    "pid": 11968,
    "index": 64
  },
  {
    "name": "Load \"service\" to Context",
    "start": 1594969501871,
    "end": 1594969501885,
    "duration": 14,
    "pid": 11968,
    "index": 65
  },
  {
    "name": "Load Middleware",
    "start": 1594969501885,
    "end": 1594969501985,
    "duration": 100,
    "pid": 11968,
    "index": 66
  },
  {
    "name": "Load \"middlewares\" to Application",
    "start": 1594969501885,
    "end": 1594969501974,
    "duration": 89,
    "pid": 11968,
    "index": 67
  },
  {
    "name": "Load Controller",
    "start": 1594969501985,
    "end": 1594969501989,
    "duration": 4,
    "pid": 11968,
    "index": 68
  },
  {
    "name": "Load \"controller\" to Application",
    "start": 1594969501985,
    "end": 1594969501988,
    "duration": 3,
    "pid": 11968,
    "index": 69
  },
  {
    "name": "Load Router",
    "start": 1594969501989,
    "end": 1594969501991,
    "duration": 2,
    "pid": 11968,
    "index": 70
  },
  {
    "name": "Require(51) app/router.js",
    "start": 1594969501989,
    "end": 1594969501989,
    "duration": 0,
    "pid": 11968,
    "index": 71
  },
  {
    "name": "Before Start in node_modules/_egg-core@4.17.4@egg-core/lib/egg.js:303:10",
    "start": 1594969501989,
    "end": 1594969502005,
    "duration": 16,
    "pid": 11968,
    "index": 72
  }
]