[
  {
    "name": "Application Start",
    "start": 1594969532131,
    "end": 1594969533034,
    "duration": 903,
    "pid": 8260,
    "index": 0
  },
  {
    "name": "Load Plugin",
    "start": 1594969532135,
    "end": 1594969532158,
    "duration": 23,
    "pid": 8260,
    "index": 1
  },
  {
    "name": "Load Config",
    "start": 1594969532158,
    "end": 1594969532181,
    "duration": 23,
    "pid": 8260,
    "index": 2
  },
  {
    "name": "Require(0) config/config.default.js",
    "start": 1594969532159,
    "end": 1594969532159,
    "duration": 0,
    "pid": 8260,
    "index": 3
  },
  {
    "name": "Require(1) node_modules/_egg-session@3.2.0@egg-session/config/config.default.js",
    "start": 1594969532161,
    "end": 1594969532161,
    "duration": 0,
    "pid": 8260,
    "index": 4
  },
  {
    "name": "Require(2) node_modules/_egg-security@2.8.0@egg-security/config/config.default.js",
    "start": 1594969532162,
    "end": 1594969532162,
    "duration": 0,
    "pid": 8260,
    "index": 5
  },
  {
    "name": "Require(3) node_modules/_egg-jsonp@2.0.0@egg-jsonp/config/config.default.js",
    "start": 1594969532163,
    "end": 1594969532164,
    "duration": 1,
    "pid": 8260,
    "index": 6
  },
  {
    "name": "Require(4) node_modules/_egg-onerror@2.1.0@egg-onerror/config/config.default.js",
    "start": 1594969532164,
    "end": 1594969532165,
    "duration": 1,
    "pid": 8260,
    "index": 7
  },
  {
    "name": "Require(5) node_modules/_egg-i18n@2.1.1@egg-i18n/config/config.default.js",
    "start": 1594969532165,
    "end": 1594969532166,
    "duration": 1,
    "pid": 8260,
    "index": 8
  },
  {
    "name": "Require(6) node_modules/_egg-watcher@3.1.1@egg-watcher/config/config.default.js",
    "start": 1594969532166,
    "end": 1594969532166,
    "duration": 0,
    "pid": 8260,
    "index": 9
  },
  {
    "name": "Require(7) node_modules/_egg-schedule@3.6.4@egg-schedule/config/config.default.js",
    "start": 1594969532167,
    "end": 1594969532167,
    "duration": 0,
    "pid": 8260,
    "index": 10
  },
  {
    "name": "Require(8) node_modules/_egg-multipart@2.10.3@egg-multipart/config/config.default.js",
    "start": 1594969532168,
    "end": 1594969532168,
    "duration": 0,
    "pid": 8260,
    "index": 11
  },
  {
    "name": "Require(9) node_modules/_egg-development@2.5.0@egg-development/config/config.default.js",
    "start": 1594969532169,
    "end": 1594969532169,
    "duration": 0,
    "pid": 8260,
    "index": 12
  },
  {
    "name": "Require(10) node_modules/_egg-logrotator@3.1.0@egg-logrotator/config/config.default.js",
    "start": 1594969532170,
    "end": 1594969532170,
    "duration": 0,
    "pid": 8260,
    "index": 13
  },
  {
    "name": "Require(11) node_modules/_egg-static@2.2.0@egg-static/config/config.default.js",
    "start": 1594969532170,
    "end": 1594969532171,
    "duration": 1,
    "pid": 8260,
    "index": 14
  },
  {
    "name": "Require(12) node_modules/_egg-view@2.1.2@egg-view/config/config.default.js",
    "start": 1594969532171,
    "end": 1594969532172,
    "duration": 1,
    "pid": 8260,
    "index": 15
  },
  {
    "name": "Require(13) node_modules/_egg-sequelize@5.2.2@egg-sequelize/config/config.default.js",
    "start": 1594969532172,
    "end": 1594969532173,
    "duration": 1,
    "pid": 8260,
    "index": 16
  },
  {
    "name": "Require(14) node_modules/_egg-cors@2.2.3@egg-cors/config/config.default.js",
    "start": 1594969532173,
    "end": 1594969532174,
    "duration": 1,
    "pid": 8260,
    "index": 17
  },
  {
    "name": "Require(15) node_modules/_egg-jwt@3.1.7@egg-jwt/config/config.default.js",
    "start": 1594969532174,
    "end": 1594969532174,
    "duration": 0,
    "pid": 8260,
    "index": 18
  },
  {
    "name": "Require(16) node_modules/_egg@2.27.0@egg/config/config.default.js",
    "start": 1594969532175,
    "end": 1594969532175,
    "duration": 0,
    "pid": 8260,
    "index": 19
  },
  {
    "name": "Require(17) config/config.default.js",
    "start": 1594969532176,
    "end": 1594969532176,
    "duration": 0,
    "pid": 8260,
    "index": 20
  },
  {
    "name": "Require(18) node_modules/_egg-security@2.8.0@egg-security/config/config.local.js",
    "start": 1594969532177,
    "end": 1594969532177,
    "duration": 0,
    "pid": 8260,
    "index": 21
  },
  {
    "name": "Require(19) node_modules/_egg-watcher@3.1.1@egg-watcher/config/config.local.js",
    "start": 1594969532178,
    "end": 1594969532178,
    "duration": 0,
    "pid": 8260,
    "index": 22
  },
  {
    "name": "Require(20) node_modules/_egg-view@2.1.2@egg-view/config/config.local.js",
    "start": 1594969532180,
    "end": 1594969532180,
    "duration": 0,
    "pid": 8260,
    "index": 23
  },
  {
    "name": "Require(21) node_modules/_egg@2.27.0@egg/config/config.local.js",
    "start": 1594969532181,
    "end": 1594969532181,
    "duration": 0,
    "pid": 8260,
    "index": 24
  },
  {
    "name": "Load extend/application.js",
    "start": 1594969532182,
    "end": 1594969532254,
    "duration": 72,
    "pid": 8260,
    "index": 25
  },
  {
    "name": "Require(22) node_modules/_egg-session@3.2.0@egg-session/app/extend/application.js",
    "start": 1594969532183,
    "end": 1594969532183,
    "duration": 0,
    "pid": 8260,
    "index": 26
  },
  {
    "name": "Require(23) node_modules/_egg-security@2.8.0@egg-security/app/extend/application.js",
    "start": 1594969532184,
    "end": 1594969532185,
    "duration": 1,
    "pid": 8260,
    "index": 27
  },
  {
    "name": "Require(24) node_modules/_egg-jsonp@2.0.0@egg-jsonp/app/extend/application.js",
    "start": 1594969532185,
    "end": 1594969532187,
    "duration": 2,
    "pid": 8260,
    "index": 28
  },
  {
    "name": "Require(25) node_modules/_egg-logrotator@3.1.0@egg-logrotator/app/extend/application.js",
    "start": 1594969532189,
    "end": 1594969532193,
    "duration": 4,
    "pid": 8260,
    "index": 29
  },
  {
    "name": "Require(26) node_modules/_egg-view@2.1.2@egg-view/app/extend/application.js",
    "start": 1594969532193,
    "end": 1594969532196,
    "duration": 3,
    "pid": 8260,
    "index": 30
  },
  {
    "name": "Require(27) node_modules/_egg-jwt@3.1.7@egg-jwt/app/extend/application.js",
    "start": 1594969532196,
    "end": 1594969532250,
    "duration": 54,
    "pid": 8260,
    "index": 31
  },
  {
    "name": "Load extend/request.js",
    "start": 1594969532254,
    "end": 1594969532263,
    "duration": 9,
    "pid": 8260,
    "index": 32
  },
  {
    "name": "Require(28) node_modules/_egg@2.27.0@egg/app/extend/request.js",
    "start": 1594969532258,
    "end": 1594969532260,
    "duration": 2,
    "pid": 8260,
    "index": 33
  },
  {
    "name": "Load extend/response.js",
    "start": 1594969532263,
    "end": 1594969532272,
    "duration": 9,
    "pid": 8260,
    "index": 34
  },
  {
    "name": "Require(29) node_modules/_egg@2.27.0@egg/app/extend/response.js",
    "start": 1594969532266,
    "end": 1594969532269,
    "duration": 3,
    "pid": 8260,
    "index": 35
  },
  {
    "name": "Load extend/context.js",
    "start": 1594969532272,
    "end": 1594969532363,
    "duration": 91,
    "pid": 8260,
    "index": 36
  },
  {
    "name": "Require(30) node_modules/_egg-security@2.8.0@egg-security/app/extend/context.js",
    "start": 1594969532273,
    "end": 1594969532294,
    "duration": 21,
    "pid": 8260,
    "index": 37
  },
  {
    "name": "Require(31) node_modules/_egg-jsonp@2.0.0@egg-jsonp/app/extend/context.js",
    "start": 1594969532294,
    "end": 1594969532296,
    "duration": 2,
    "pid": 8260,
    "index": 38
  },
  {
    "name": "Require(32) node_modules/_egg-i18n@2.1.1@egg-i18n/app/extend/context.js",
    "start": 1594969532297,
    "end": 1594969532297,
    "duration": 0,
    "pid": 8260,
    "index": 39
  },
  {
    "name": "Require(33) node_modules/_egg-multipart@2.10.3@egg-multipart/app/extend/context.js",
    "start": 1594969532298,
    "end": 1594969532355,
    "duration": 57,
    "pid": 8260,
    "index": 40
  },
  {
    "name": "Require(34) node_modules/_egg-view@2.1.2@egg-view/app/extend/context.js",
    "start": 1594969532356,
    "end": 1594969532357,
    "duration": 1,
    "pid": 8260,
    "index": 41
  },
  {
    "name": "Require(35) node_modules/_egg@2.27.0@egg/app/extend/context.js",
    "start": 1594969532358,
    "end": 1594969532360,
    "duration": 2,
    "pid": 8260,
    "index": 42
  },
  {
    "name": "Load extend/helper.js",
    "start": 1594969532363,
    "end": 1594969532388,
    "duration": 25,
    "pid": 8260,
    "index": 43
  },
  {
    "name": "Require(36) node_modules/_egg-security@2.8.0@egg-security/app/extend/helper.js",
    "start": 1594969532364,
    "end": 1594969532381,
    "duration": 17,
    "pid": 8260,
    "index": 44
  },
  {
    "name": "Require(37) node_modules/_egg@2.27.0@egg/app/extend/helper.js",
    "start": 1594969532384,
    "end": 1594969532384,
    "duration": 0,
    "pid": 8260,
    "index": 45
  },
  {
    "name": "Load app.js",
    "start": 1594969532388,
    "end": 1594969532426,
    "duration": 38,
    "pid": 8260,
    "index": 46
  },
  {
    "name": "Require(38) node_modules/_egg-session@3.2.0@egg-session/app.js",
    "start": 1594969532388,
    "end": 1594969532388,
    "duration": 0,
    "pid": 8260,
    "index": 47
  },
  {
    "name": "Require(39) node_modules/_egg-security@2.8.0@egg-security/app.js",
    "start": 1594969532389,
    "end": 1594969532391,
    "duration": 2,
    "pid": 8260,
    "index": 48
  },
  {
    "name": "Require(40) node_modules/_egg-onerror@2.1.0@egg-onerror/app.js",
    "start": 1594969532392,
    "end": 1594969532404,
    "duration": 12,
    "pid": 8260,
    "index": 49
  },
  {
    "name": "Require(41) node_modules/_egg-i18n@2.1.1@egg-i18n/app.js",
    "start": 1594969532404,
    "end": 1594969532413,
    "duration": 9,
    "pid": 8260,
    "index": 50
  },
  {
    "name": "Require(42) node_modules/_egg-watcher@3.1.1@egg-watcher/app.js",
    "start": 1594969532414,
    "end": 1594969532418,
    "duration": 4,
    "pid": 8260,
    "index": 51
  },
  {
    "name": "Require(43) node_modules/_egg-schedule@3.6.4@egg-schedule/app.js",
    "start": 1594969532419,
    "end": 1594969532421,
    "duration": 2,
    "pid": 8260,
    "index": 52
  },
  {
    "name": "Require(44) node_modules/_egg-multipart@2.10.3@egg-multipart/app.js",
    "start": 1594969532422,
    "end": 1594969532422,
    "duration": 0,
    "pid": 8260,
    "index": 53
  },
  {
    "name": "Require(45) node_modules/_egg-development@2.5.0@egg-development/app.js",
    "start": 1594969532422,
    "end": 1594969532423,
    "duration": 1,
    "pid": 8260,
    "index": 54
  },
  {
    "name": "Require(46) node_modules/_egg-logrotator@3.1.0@egg-logrotator/app.js",
    "start": 1594969532423,
    "end": 1594969532423,
    "duration": 0,
    "pid": 8260,
    "index": 55
  },
  {
    "name": "Require(47) node_modules/_egg-static@2.2.0@egg-static/app.js",
    "start": 1594969532423,
    "end": 1594969532424,
    "duration": 1,
    "pid": 8260,
    "index": 56
  },
  {
    "name": "Require(48) node_modules/_egg-sequelize@5.2.2@egg-sequelize/app.js",
    "start": 1594969532424,
    "end": 1594969532424,
    "duration": 0,
    "pid": 8260,
    "index": 57
  },
  {
    "name": "Require(49) node_modules/_egg-cors@2.2.3@egg-cors/app.js",
    "start": 1594969532425,
    "end": 1594969532425,
    "duration": 0,
    "pid": 8260,
    "index": 58
  },
  {
    "name": "Require(50) node_modules/_egg-jwt@3.1.7@egg-jwt/app.js",
    "start": 1594969532425,
    "end": 1594969532426,
    "duration": 1,
    "pid": 8260,
    "index": 59
  },
  {
    "name": "Before Start in node_modules/_egg-watcher@3.1.1@egg-watcher/lib/init.js:15:14",
    "start": 1594969532440,
    "end": 1594969532942,
    "duration": 502,
    "pid": 8260,
    "index": 60
  },
  {
    "name": "Load \"Symbol(crm)\" to Application",
    "start": 1594969532773,
    "end": 1594969532783,
    "duration": 10,
    "pid": 8260,
    "index": 61
  },
  {
    "name": "Load \"Symbol(road)\" to Application",
    "start": 1594969532784,
    "end": 1594969532791,
    "duration": 7,
    "pid": 8260,
    "index": 62
  },
  {
    "name": "Before Start in node_modules/_egg-sequelize@5.2.2@egg-sequelize/lib/loader.js:39:7",
    "start": 1594969532791,
    "end": 1594969533033,
    "duration": 242,
    "pid": 8260,
    "index": 63
  },
  {
    "name": "Load Service",
    "start": 1594969532791,
    "end": 1594969532806,
    "duration": 15,
    "pid": 8260,
    "index": 64
  },
  {
    "name": "Load \"service\" to Context",
    "start": 1594969532791,
    "end": 1594969532806,
    "duration": 15,
    "pid": 8260,
    "index": 65
  },
  {
    "name": "Load Middleware",
    "start": 1594969532806,
    "end": 1594969532909,
    "duration": 103,
    "pid": 8260,
    "index": 66
  },
  {
    "name": "Load \"middlewares\" to Application",
    "start": 1594969532806,
    "end": 1594969532898,
    "duration": 92,
    "pid": 8260,
    "index": 67
  },
  {
    "name": "Load Controller",
    "start": 1594969532909,
    "end": 1594969532912,
    "duration": 3,
    "pid": 8260,
    "index": 68
  },
  {
    "name": "Load \"controller\" to Application",
    "start": 1594969532909,
    "end": 1594969532912,
    "duration": 3,
    "pid": 8260,
    "index": 69
  },
  {
    "name": "Load Router",
    "start": 1594969532912,
    "end": 1594969532914,
    "duration": 2,
    "pid": 8260,
    "index": 70
  },
  {
    "name": "Require(51) app/router.js",
    "start": 1594969532912,
    "end": 1594969532913,
    "duration": 1,
    "pid": 8260,
    "index": 71
  },
  {
    "name": "Before Start in node_modules/_egg-core@4.17.4@egg-core/lib/egg.js:303:10",
    "start": 1594969532913,
    "end": 1594969532930,
    "duration": 17,
    "pid": 8260,
    "index": 72
  }
]