[
  {
    "name": "Application Start",
    "start": 1594971363176,
    "end": 1594971364164,
    "duration": 988,
    "pid": 12652,
    "index": 0
  },
  {
    "name": "Load Plugin",
    "start": 1594971363180,
    "end": 1594971363206,
    "duration": 26,
    "pid": 12652,
    "index": 1
  },
  {
    "name": "Load Config",
    "start": 1594971363206,
    "end": 1594971363229,
    "duration": 23,
    "pid": 12652,
    "index": 2
  },
  {
    "name": "Require(0) config/config.default.js",
    "start": 1594971363207,
    "end": 1594971363207,
    "duration": 0,
    "pid": 12652,
    "index": 3
  },
  {
    "name": "Require(1) node_modules/_egg-session@3.2.0@egg-session/config/config.default.js",
    "start": 1594971363209,
    "end": 1594971363209,
    "duration": 0,
    "pid": 12652,
    "index": 4
  },
  {
    "name": "Require(2) node_modules/_egg-security@2.8.0@egg-security/config/config.default.js",
    "start": 1594971363209,
    "end": 1594971363210,
    "duration": 1,
    "pid": 12652,
    "index": 5
  },
  {
    "name": "Require(3) node_modules/_egg-jsonp@2.0.0@egg-jsonp/config/config.default.js",
    "start": 1594971363211,
    "end": 1594971363211,
    "duration": 0,
    "pid": 12652,
    "index": 6
  },
  {
    "name": "Require(4) node_modules/_egg-onerror@2.1.0@egg-onerror/config/config.default.js",
    "start": 1594971363212,
    "end": 1594971363212,
    "duration": 0,
    "pid": 12652,
    "index": 7
  },
  {
    "name": "Require(5) node_modules/_egg-i18n@2.1.1@egg-i18n/config/config.default.js",
    "start": 1594971363212,
    "end": 1594971363213,
    "duration": 1,
    "pid": 12652,
    "index": 8
  },
  {
    "name": "Require(6) node_modules/_egg-watcher@3.1.1@egg-watcher/config/config.default.js",
    "start": 1594971363213,
    "end": 1594971363214,
    "duration": 1,
    "pid": 12652,
    "index": 9
  },
  {
    "name": "Require(7) node_modules/_egg-schedule@3.6.4@egg-schedule/config/config.default.js",
    "start": 1594971363214,
    "end": 1594971363214,
    "duration": 0,
    "pid": 12652,
    "index": 10
  },
  {
    "name": "Require(8) node_modules/_egg-multipart@2.10.3@egg-multipart/config/config.default.js",
    "start": 1594971363215,
    "end": 1594971363215,
    "duration": 0,
    "pid": 12652,
    "index": 11
  },
  {
    "name": "Require(9) node_modules/_egg-development@2.5.0@egg-development/config/config.default.js",
    "start": 1594971363216,
    "end": 1594971363216,
    "duration": 0,
    "pid": 12652,
    "index": 12
  },
  {
    "name": "Require(10) node_modules/_egg-logrotator@3.1.0@egg-logrotator/config/config.default.js",
    "start": 1594971363217,
    "end": 1594971363217,
    "duration": 0,
    "pid": 12652,
    "index": 13
  },
  {
    "name": "Require(11) node_modules/_egg-static@2.2.0@egg-static/config/config.default.js",
    "start": 1594971363217,
    "end": 1594971363218,
    "duration": 1,
    "pid": 12652,
    "index": 14
  },
  {
    "name": "Require(12) node_modules/_egg-view@2.1.2@egg-view/config/config.default.js",
    "start": 1594971363218,
    "end": 1594971363219,
    "duration": 1,
    "pid": 12652,
    "index": 15
  },
  {
    "name": "Require(13) node_modules/_egg-sequelize@5.2.2@egg-sequelize/config/config.default.js",
    "start": 1594971363219,
    "end": 1594971363220,
    "duration": 1,
    "pid": 12652,
    "index": 16
  },
  {
    "name": "Require(14) node_modules/_egg-cors@2.2.3@egg-cors/config/config.default.js",
    "start": 1594971363220,
    "end": 1594971363221,
    "duration": 1,
    "pid": 12652,
    "index": 17
  },
  {
    "name": "Require(15) node_modules/_egg-jwt@3.1.7@egg-jwt/config/config.default.js",
    "start": 1594971363221,
    "end": 1594971363221,
    "duration": 0,
    "pid": 12652,
    "index": 18
  },
  {
    "name": "Require(16) node_modules/_egg@2.27.0@egg/config/config.default.js",
    "start": 1594971363222,
    "end": 1594971363223,
    "duration": 1,
    "pid": 12652,
    "index": 19
  },
  {
    "name": "Require(17) config/config.default.js",
    "start": 1594971363224,
    "end": 1594971363224,
    "duration": 0,
    "pid": 12652,
    "index": 20
  },
  {
    "name": "Require(18) node_modules/_egg-security@2.8.0@egg-security/config/config.local.js",
    "start": 1594971363225,
    "end": 1594971363225,
    "duration": 0,
    "pid": 12652,
    "index": 21
  },
  {
    "name": "Require(19) node_modules/_egg-watcher@3.1.1@egg-watcher/config/config.local.js",
    "start": 1594971363226,
    "end": 1594971363226,
    "duration": 0,
    "pid": 12652,
    "index": 22
  },
  {
    "name": "Require(20) node_modules/_egg-view@2.1.2@egg-view/config/config.local.js",
    "start": 1594971363228,
    "end": 1594971363228,
    "duration": 0,
    "pid": 12652,
    "index": 23
  },
  {
    "name": "Require(21) node_modules/_egg@2.27.0@egg/config/config.local.js",
    "start": 1594971363229,
    "end": 1594971363229,
    "duration": 0,
    "pid": 12652,
    "index": 24
  },
  {
    "name": "Load extend/application.js",
    "start": 1594971363230,
    "end": 1594971363302,
    "duration": 72,
    "pid": 12652,
    "index": 25
  },
  {
    "name": "Require(22) node_modules/_egg-session@3.2.0@egg-session/app/extend/application.js",
    "start": 1594971363231,
    "end": 1594971363231,
    "duration": 0,
    "pid": 12652,
    "index": 26
  },
  {
    "name": "Require(23) node_modules/_egg-security@2.8.0@egg-security/app/extend/application.js",
    "start": 1594971363232,
    "end": 1594971363233,
    "duration": 1,
    "pid": 12652,
    "index": 27
  },
  {
    "name": "Require(24) node_modules/_egg-jsonp@2.0.0@egg-jsonp/app/extend/application.js",
    "start": 1594971363233,
    "end": 1594971363236,
    "duration": 3,
    "pid": 12652,
    "index": 28
  },
  {
    "name": "Require(25) node_modules/_egg-logrotator@3.1.0@egg-logrotator/app/extend/application.js",
    "start": 1594971363237,
    "end": 1594971363241,
    "duration": 4,
    "pid": 12652,
    "index": 29
  },
  {
    "name": "Require(26) node_modules/_egg-view@2.1.2@egg-view/app/extend/application.js",
    "start": 1594971363241,
    "end": 1594971363244,
    "duration": 3,
    "pid": 12652,
    "index": 30
  },
  {
    "name": "Require(27) node_modules/_egg-jwt@3.1.7@egg-jwt/app/extend/application.js",
    "start": 1594971363244,
    "end": 1594971363298,
    "duration": 54,
    "pid": 12652,
    "index": 31
  },
  {
    "name": "Load extend/request.js",
    "start": 1594971363302,
    "end": 1594971363311,
    "duration": 9,
    "pid": 12652,
    "index": 32
  },
  {
    "name": "Require(28) node_modules/_egg@2.27.0@egg/app/extend/request.js",
    "start": 1594971363306,
    "end": 1594971363308,
    "duration": 2,
    "pid": 12652,
    "index": 33
  },
  {
    "name": "Load extend/response.js",
    "start": 1594971363311,
    "end": 1594971363320,
    "duration": 9,
    "pid": 12652,
    "index": 34
  },
  {
    "name": "Require(29) node_modules/_egg@2.27.0@egg/app/extend/response.js",
    "start": 1594971363314,
    "end": 1594971363317,
    "duration": 3,
    "pid": 12652,
    "index": 35
  },
  {
    "name": "Load extend/context.js",
    "start": 1594971363320,
    "end": 1594971363404,
    "duration": 84,
    "pid": 12652,
    "index": 36
  },
  {
    "name": "Require(30) node_modules/_egg-security@2.8.0@egg-security/app/extend/context.js",
    "start": 1594971363321,
    "end": 1594971363337,
    "duration": 16,
    "pid": 12652,
    "index": 37
  },
  {
    "name": "Require(31) node_modules/_egg-jsonp@2.0.0@egg-jsonp/app/extend/context.js",
    "start": 1594971363338,
    "end": 1594971363339,
    "duration": 1,
    "pid": 12652,
    "index": 38
  },
  {
    "name": "Require(32) node_modules/_egg-i18n@2.1.1@egg-i18n/app/extend/context.js",
    "start": 1594971363340,
    "end": 1594971363340,
    "duration": 0,
    "pid": 12652,
    "index": 39
  },
  {
    "name": "Require(33) node_modules/_egg-multipart@2.10.3@egg-multipart/app/extend/context.js",
    "start": 1594971363341,
    "end": 1594971363395,
    "duration": 54,
    "pid": 12652,
    "index": 40
  },
  {
    "name": "Require(34) node_modules/_egg-view@2.1.2@egg-view/app/extend/context.js",
    "start": 1594971363396,
    "end": 1594971363397,
    "duration": 1,
    "pid": 12652,
    "index": 41
  },
  {
    "name": "Require(35) node_modules/_egg@2.27.0@egg/app/extend/context.js",
    "start": 1594971363398,
    "end": 1594971363400,
    "duration": 2,
    "pid": 12652,
    "index": 42
  },
  {
    "name": "Load extend/helper.js",
    "start": 1594971363404,
    "end": 1594971363428,
    "duration": 24,
    "pid": 12652,
    "index": 43
  },
  {
    "name": "Require(36) node_modules/_egg-security@2.8.0@egg-security/app/extend/helper.js",
    "start": 1594971363404,
    "end": 1594971363421,
    "duration": 17,
    "pid": 12652,
    "index": 44
  },
  {
    "name": "Require(37) node_modules/_egg@2.27.0@egg/app/extend/helper.js",
    "start": 1594971363424,
    "end": 1594971363425,
    "duration": 1,
    "pid": 12652,
    "index": 45
  },
  {
    "name": "Load app.js",
    "start": 1594971363429,
    "end": 1594971363469,
    "duration": 40,
    "pid": 12652,
    "index": 46
  },
  {
    "name": "Require(38) node_modules/_egg-session@3.2.0@egg-session/app.js",
    "start": 1594971363429,
    "end": 1594971363429,
    "duration": 0,
    "pid": 12652,
    "index": 47
  },
  {
    "name": "Require(39) node_modules/_egg-security@2.8.0@egg-security/app.js",
    "start": 1594971363430,
    "end": 1594971363432,
    "duration": 2,
    "pid": 12652,
    "index": 48
  },
  {
    "name": "Require(40) node_modules/_egg-onerror@2.1.0@egg-onerror/app.js",
    "start": 1594971363432,
    "end": 1594971363445,
    "duration": 13,
    "pid": 12652,
    "index": 49
  },
  {
    "name": "Require(41) node_modules/_egg-i18n@2.1.1@egg-i18n/app.js",
    "start": 1594971363445,
    "end": 1594971363454,
    "duration": 9,
    "pid": 12652,
    "index": 50
  },
  {
    "name": "Require(42) node_modules/_egg-watcher@3.1.1@egg-watcher/app.js",
    "start": 1594971363455,
    "end": 1594971363461,
    "duration": 6,
    "pid": 12652,
    "index": 51
  },
  {
    "name": "Require(43) node_modules/_egg-schedule@3.6.4@egg-schedule/app.js",
    "start": 1594971363462,
    "end": 1594971363464,
    "duration": 2,
    "pid": 12652,
    "index": 52
  },
  {
    "name": "Require(44) node_modules/_egg-multipart@2.10.3@egg-multipart/app.js",
    "start": 1594971363464,
    "end": 1594971363465,
    "duration": 1,
    "pid": 12652,
    "index": 53
  },
  {
    "name": "Require(45) node_modules/_egg-development@2.5.0@egg-development/app.js",
    "start": 1594971363465,
    "end": 1594971363465,
    "duration": 0,
    "pid": 12652,
    "index": 54
  },
  {
    "name": "Require(46) node_modules/_egg-logrotator@3.1.0@egg-logrotator/app.js",
    "start": 1594971363466,
    "end": 1594971363466,
    "duration": 0,
    "pid": 12652,
    "index": 55
  },
  {
    "name": "Require(47) node_modules/_egg-static@2.2.0@egg-static/app.js",
    "start": 1594971363466,
    "end": 1594971363466,
    "duration": 0,
    "pid": 12652,
    "index": 56
  },
  {
    "name": "Require(48) node_modules/_egg-sequelize@5.2.2@egg-sequelize/app.js",
    "start": 1594971363467,
    "end": 1594971363467,
    "duration": 0,
    "pid": 12652,
    "index": 57
  },
  {
    "name": "Require(49) node_modules/_egg-cors@2.2.3@egg-cors/app.js",
    "start": 1594971363468,
    "end": 1594971363468,
    "duration": 0,
    "pid": 12652,
    "index": 58
  },
  {
    "name": "Require(50) node_modules/_egg-jwt@3.1.7@egg-jwt/app.js",
    "start": 1594971363468,
    "end": 1594971363468,
    "duration": 0,
    "pid": 12652,
    "index": 59
  },
  {
    "name": "Before Start in node_modules/_egg-watcher@3.1.1@egg-watcher/lib/init.js:15:14",
    "start": 1594971363484,
    "end": 1594971364062,
    "duration": 578,
    "pid": 12652,
    "index": 60
  },
  {
    "name": "Load \"Symbol(crm)\" to Application",
    "start": 1594971363887,
    "end": 1594971363897,
    "duration": 10,
    "pid": 12652,
    "index": 61
  },
  {
    "name": "Load \"Symbol(road)\" to Application",
    "start": 1594971363897,
    "end": 1594971363905,
    "duration": 8,
    "pid": 12652,
    "index": 62
  },
  {
    "name": "Before Start in node_modules/_egg-sequelize@5.2.2@egg-sequelize/lib/loader.js:39:7",
    "start": 1594971363905,
    "end": 1594971364164,
    "duration": 259,
    "pid": 12652,
    "index": 63
  },
  {
    "name": "Load Service",
    "start": 1594971363905,
    "end": 1594971363920,
    "duration": 15,
    "pid": 12652,
    "index": 64
  },
  {
    "name": "Load \"service\" to Context",
    "start": 1594971363905,
    "end": 1594971363920,
    "duration": 15,
    "pid": 12652,
    "index": 65
  },
  {
    "name": "Load Middleware",
    "start": 1594971363920,
    "end": 1594971364023,
    "duration": 103,
    "pid": 12652,
    "index": 66
  },
  {
    "name": "Load \"middlewares\" to Application",
    "start": 1594971363920,
    "end": 1594971364011,
    "duration": 91,
    "pid": 12652,
    "index": 67
  },
  {
    "name": "Load Controller",
    "start": 1594971364023,
    "end": 1594971364028,
    "duration": 5,
    "pid": 12652,
    "index": 68
  },
  {
    "name": "Load \"controller\" to Application",
    "start": 1594971364023,
    "end": 1594971364028,
    "duration": 5,
    "pid": 12652,
    "index": 69
  },
  {
    "name": "Load Router",
    "start": 1594971364028,
    "end": 1594971364030,
    "duration": 2,
    "pid": 12652,
    "index": 70
  },
  {
    "name": "Require(51) app/router.js",
    "start": 1594971364028,
    "end": 1594971364028,
    "duration": 0,
    "pid": 12652,
    "index": 71
  },
  {
    "name": "Before Start in node_modules/_egg-core@4.17.4@egg-core/lib/egg.js:303:10",
    "start": 1594971364029,
    "end": 1594971364047,
    "duration": 18,
    "pid": 12652,
    "index": 72
  }
]