[
  {
    "name": "Application Start",
    "start": 1594970630161,
    "end": 1594970631095,
    "duration": 934,
    "pid": 13200,
    "index": 0
  },
  {
    "name": "Load Plugin",
    "start": 1594970630164,
    "end": 1594970630191,
    "duration": 27,
    "pid": 13200,
    "index": 1
  },
  {
    "name": "Load Config",
    "start": 1594970630191,
    "end": 1594970630214,
    "duration": 23,
    "pid": 13200,
    "index": 2
  },
  {
    "name": "Require(0) config/config.default.js",
    "start": 1594970630191,
    "end": 1594970630192,
    "duration": 1,
    "pid": 13200,
    "index": 3
  },
  {
    "name": "Require(1) node_modules/_egg-session@3.2.0@egg-session/config/config.default.js",
    "start": 1594970630193,
    "end": 1594970630194,
    "duration": 1,
    "pid": 13200,
    "index": 4
  },
  {
    "name": "Require(2) node_modules/_egg-security@2.8.0@egg-security/config/config.default.js",
    "start": 1594970630194,
    "end": 1594970630195,
    "duration": 1,
    "pid": 13200,
    "index": 5
  },
  {
    "name": "Require(3) node_modules/_egg-jsonp@2.0.0@egg-jsonp/config/config.default.js",
    "start": 1594970630196,
    "end": 1594970630196,
    "duration": 0,
    "pid": 13200,
    "index": 6
  },
  {
    "name": "Require(4) node_modules/_egg-onerror@2.1.0@egg-onerror/config/config.default.js",
    "start": 1594970630197,
    "end": 1594970630197,
    "duration": 0,
    "pid": 13200,
    "index": 7
  },
  {
    "name": "Require(5) node_modules/_egg-i18n@2.1.1@egg-i18n/config/config.default.js",
    "start": 1594970630198,
    "end": 1594970630198,
    "duration": 0,
    "pid": 13200,
    "index": 8
  },
  {
    "name": "Require(6) node_modules/_egg-watcher@3.1.1@egg-watcher/config/config.default.js",
    "start": 1594970630198,
    "end": 1594970630199,
    "duration": 1,
    "pid": 13200,
    "index": 9
  },
  {
    "name": "Require(7) node_modules/_egg-schedule@3.6.4@egg-schedule/config/config.default.js",
    "start": 1594970630199,
    "end": 1594970630200,
    "duration": 1,
    "pid": 13200,
    "index": 10
  },
  {
    "name": "Require(8) node_modules/_egg-multipart@2.10.3@egg-multipart/config/config.default.js",
    "start": 1594970630200,
    "end": 1594970630200,
    "duration": 0,
    "pid": 13200,
    "index": 11
  },
  {
    "name": "Require(9) node_modules/_egg-development@2.5.0@egg-development/config/config.default.js",
    "start": 1594970630201,
    "end": 1594970630201,
    "duration": 0,
    "pid": 13200,
    "index": 12
  },
  {
    "name": "Require(10) node_modules/_egg-logrotator@3.1.0@egg-logrotator/config/config.default.js",
    "start": 1594970630202,
    "end": 1594970630202,
    "duration": 0,
    "pid": 13200,
    "index": 13
  },
  {
    "name": "Require(11) node_modules/_egg-static@2.2.0@egg-static/config/config.default.js",
    "start": 1594970630203,
    "end": 1594970630203,
    "duration": 0,
    "pid": 13200,
    "index": 14
  },
  {
    "name": "Require(12) node_modules/_egg-view@2.1.2@egg-view/config/config.default.js",
    "start": 1594970630204,
    "end": 1594970630204,
    "duration": 0,
    "pid": 13200,
    "index": 15
  },
  {
    "name": "Require(13) node_modules/_egg-sequelize@5.2.2@egg-sequelize/config/config.default.js",
    "start": 1594970630205,
    "end": 1594970630205,
    "duration": 0,
    "pid": 13200,
    "index": 16
  },
  {
    "name": "Require(14) node_modules/_egg-cors@2.2.3@egg-cors/config/config.default.js",
    "start": 1594970630206,
    "end": 1594970630206,
    "duration": 0,
    "pid": 13200,
    "index": 17
  },
  {
    "name": "Require(15) node_modules/_egg-jwt@3.1.7@egg-jwt/config/config.default.js",
    "start": 1594970630206,
    "end": 1594970630207,
    "duration": 1,
    "pid": 13200,
    "index": 18
  },
  {
    "name": "Require(16) node_modules/_egg@2.27.0@egg/config/config.default.js",
    "start": 1594970630207,
    "end": 1594970630207,
    "duration": 0,
    "pid": 13200,
    "index": 19
  },
  {
    "name": "Require(17) config/config.default.js",
    "start": 1594970630209,
    "end": 1594970630209,
    "duration": 0,
    "pid": 13200,
    "index": 20
  },
  {
    "name": "Require(18) node_modules/_egg-security@2.8.0@egg-security/config/config.local.js",
    "start": 1594970630210,
    "end": 1594970630210,
    "duration": 0,
    "pid": 13200,
    "index": 21
  },
  {
    "name": "Require(19) node_modules/_egg-watcher@3.1.1@egg-watcher/config/config.local.js",
    "start": 1594970630211,
    "end": 1594970630211,
    "duration": 0,
    "pid": 13200,
    "index": 22
  },
  {
    "name": "Require(20) node_modules/_egg-view@2.1.2@egg-view/config/config.local.js",
    "start": 1594970630212,
    "end": 1594970630213,
    "duration": 1,
    "pid": 13200,
    "index": 23
  },
  {
    "name": "Require(21) node_modules/_egg@2.27.0@egg/config/config.local.js",
    "start": 1594970630213,
    "end": 1594970630214,
    "duration": 1,
    "pid": 13200,
    "index": 24
  },
  {
    "name": "Load extend/application.js",
    "start": 1594970630215,
    "end": 1594970630288,
    "duration": 73,
    "pid": 13200,
    "index": 25
  },
  {
    "name": "Require(22) node_modules/_egg-session@3.2.0@egg-session/app/extend/application.js",
    "start": 1594970630215,
    "end": 1594970630216,
    "duration": 1,
    "pid": 13200,
    "index": 26
  },
  {
    "name": "Require(23) node_modules/_egg-security@2.8.0@egg-security/app/extend/application.js",
    "start": 1594970630216,
    "end": 1594970630217,
    "duration": 1,
    "pid": 13200,
    "index": 27
  },
  {
    "name": "Require(24) node_modules/_egg-jsonp@2.0.0@egg-jsonp/app/extend/application.js",
    "start": 1594970630218,
    "end": 1594970630220,
    "duration": 2,
    "pid": 13200,
    "index": 28
  },
  {
    "name": "Require(25) node_modules/_egg-logrotator@3.1.0@egg-logrotator/app/extend/application.js",
    "start": 1594970630222,
    "end": 1594970630225,
    "duration": 3,
    "pid": 13200,
    "index": 29
  },
  {
    "name": "Require(26) node_modules/_egg-view@2.1.2@egg-view/app/extend/application.js",
    "start": 1594970630226,
    "end": 1594970630228,
    "duration": 2,
    "pid": 13200,
    "index": 30
  },
  {
    "name": "Require(27) node_modules/_egg-jwt@3.1.7@egg-jwt/app/extend/application.js",
    "start": 1594970630229,
    "end": 1594970630284,
    "duration": 55,
    "pid": 13200,
    "index": 31
  },
  {
    "name": "Load extend/request.js",
    "start": 1594970630288,
    "end": 1594970630296,
    "duration": 8,
    "pid": 13200,
    "index": 32
  },
  {
    "name": "Require(28) node_modules/_egg@2.27.0@egg/app/extend/request.js",
    "start": 1594970630291,
    "end": 1594970630293,
    "duration": 2,
    "pid": 13200,
    "index": 33
  },
  {
    "name": "Load extend/response.js",
    "start": 1594970630296,
    "end": 1594970630306,
    "duration": 10,
    "pid": 13200,
    "index": 34
  },
  {
    "name": "Require(29) node_modules/_egg@2.27.0@egg/app/extend/response.js",
    "start": 1594970630299,
    "end": 1594970630302,
    "duration": 3,
    "pid": 13200,
    "index": 35
  },
  {
    "name": "Load extend/context.js",
    "start": 1594970630306,
    "end": 1594970630387,
    "duration": 81,
    "pid": 13200,
    "index": 36
  },
  {
    "name": "Require(30) node_modules/_egg-security@2.8.0@egg-security/app/extend/context.js",
    "start": 1594970630307,
    "end": 1594970630325,
    "duration": 18,
    "pid": 13200,
    "index": 37
  },
  {
    "name": "Require(31) node_modules/_egg-jsonp@2.0.0@egg-jsonp/app/extend/context.js",
    "start": 1594970630325,
    "end": 1594970630326,
    "duration": 1,
    "pid": 13200,
    "index": 38
  },
  {
    "name": "Require(32) node_modules/_egg-i18n@2.1.1@egg-i18n/app/extend/context.js",
    "start": 1594970630327,
    "end": 1594970630327,
    "duration": 0,
    "pid": 13200,
    "index": 39
  },
  {
    "name": "Require(33) node_modules/_egg-multipart@2.10.3@egg-multipart/app/extend/context.js",
    "start": 1594970630328,
    "end": 1594970630379,
    "duration": 51,
    "pid": 13200,
    "index": 40
  },
  {
    "name": "Require(34) node_modules/_egg-view@2.1.2@egg-view/app/extend/context.js",
    "start": 1594970630380,
    "end": 1594970630381,
    "duration": 1,
    "pid": 13200,
    "index": 41
  },
  {
    "name": "Require(35) node_modules/_egg@2.27.0@egg/app/extend/context.js",
    "start": 1594970630382,
    "end": 1594970630384,
    "duration": 2,
    "pid": 13200,
    "index": 42
  },
  {
    "name": "Load extend/helper.js",
    "start": 1594970630387,
    "end": 1594970630411,
    "duration": 24,
    "pid": 13200,
    "index": 43
  },
  {
    "name": "Require(36) node_modules/_egg-security@2.8.0@egg-security/app/extend/helper.js",
    "start": 1594970630388,
    "end": 1594970630405,
    "duration": 17,
    "pid": 13200,
    "index": 44
  },
  {
    "name": "Require(37) node_modules/_egg@2.27.0@egg/app/extend/helper.js",
    "start": 1594970630408,
    "end": 1594970630408,
    "duration": 0,
    "pid": 13200,
    "index": 45
  },
  {
    "name": "Load app.js",
    "start": 1594970630412,
    "end": 1594970630453,
    "duration": 41,
    "pid": 13200,
    "index": 46
  },
  {
    "name": "Require(38) node_modules/_egg-session@3.2.0@egg-session/app.js",
    "start": 1594970630412,
    "end": 1594970630412,
    "duration": 0,
    "pid": 13200,
    "index": 47
  },
  {
    "name": "Require(39) node_modules/_egg-security@2.8.0@egg-security/app.js",
    "start": 1594970630412,
    "end": 1594970630415,
    "duration": 3,
    "pid": 13200,
    "index": 48
  },
  {
    "name": "Require(40) node_modules/_egg-onerror@2.1.0@egg-onerror/app.js",
    "start": 1594970630415,
    "end": 1594970630427,
    "duration": 12,
    "pid": 13200,
    "index": 49
  },
  {
    "name": "Require(41) node_modules/_egg-i18n@2.1.1@egg-i18n/app.js",
    "start": 1594970630428,
    "end": 1594970630437,
    "duration": 9,
    "pid": 13200,
    "index": 50
  },
  {
    "name": "Require(42) node_modules/_egg-watcher@3.1.1@egg-watcher/app.js",
    "start": 1594970630438,
    "end": 1594970630442,
    "duration": 4,
    "pid": 13200,
    "index": 51
  },
  {
    "name": "Require(43) node_modules/_egg-schedule@3.6.4@egg-schedule/app.js",
    "start": 1594970630443,
    "end": 1594970630445,
    "duration": 2,
    "pid": 13200,
    "index": 52
  },
  {
    "name": "Require(44) node_modules/_egg-multipart@2.10.3@egg-multipart/app.js",
    "start": 1594970630446,
    "end": 1594970630446,
    "duration": 0,
    "pid": 13200,
    "index": 53
  },
  {
    "name": "Require(45) node_modules/_egg-development@2.5.0@egg-development/app.js",
    "start": 1594970630446,
    "end": 1594970630447,
    "duration": 1,
    "pid": 13200,
    "index": 54
  },
  {
    "name": "Require(46) node_modules/_egg-logrotator@3.1.0@egg-logrotator/app.js",
    "start": 1594970630447,
    "end": 1594970630447,
    "duration": 0,
    "pid": 13200,
    "index": 55
  },
  {
    "name": "Require(47) node_modules/_egg-static@2.2.0@egg-static/app.js",
    "start": 1594970630447,
    "end": 1594970630448,
    "duration": 1,
    "pid": 13200,
    "index": 56
  },
  {
    "name": "Require(48) node_modules/_egg-sequelize@5.2.2@egg-sequelize/app.js",
    "start": 1594970630448,
    "end": 1594970630448,
    "duration": 0,
    "pid": 13200,
    "index": 57
  },
  {
    "name": "Require(49) node_modules/_egg-cors@2.2.3@egg-cors/app.js",
    "start": 1594970630451,
    "end": 1594970630452,
    "duration": 1,
    "pid": 13200,
    "index": 58
  },
  {
    "name": "Require(50) node_modules/_egg-jwt@3.1.7@egg-jwt/app.js",
    "start": 1594970630452,
    "end": 1594970630452,
    "duration": 0,
    "pid": 13200,
    "index": 59
  },
  {
    "name": "Before Start in node_modules/_egg-watcher@3.1.1@egg-watcher/lib/init.js:15:14",
    "start": 1594970630464,
    "end": 1594970630975,
    "duration": 511,
    "pid": 13200,
    "index": 60
  },
  {
    "name": "Load \"Symbol(crm)\" to Application",
    "start": 1594970630807,
    "end": 1594970630815,
    "duration": 8,
    "pid": 13200,
    "index": 61
  },
  {
    "name": "Load \"Symbol(road)\" to Application",
    "start": 1594970630815,
    "end": 1594970630823,
    "duration": 8,
    "pid": 13200,
    "index": 62
  },
  {
    "name": "Before Start in node_modules/_egg-sequelize@5.2.2@egg-sequelize/lib/loader.js:39:7",
    "start": 1594970630823,
    "end": 1594970631094,
    "duration": 271,
    "pid": 13200,
    "index": 63
  },
  {
    "name": "Load Service",
    "start": 1594970630823,
    "end": 1594970630838,
    "duration": 15,
    "pid": 13200,
    "index": 64
  },
  {
    "name": "Load \"service\" to Context",
    "start": 1594970630824,
    "end": 1594970630838,
    "duration": 14,
    "pid": 13200,
    "index": 65
  },
  {
    "name": "Load Middleware",
    "start": 1594970630838,
    "end": 1594970630939,
    "duration": 101,
    "pid": 13200,
    "index": 66
  },
  {
    "name": "Load \"middlewares\" to Application",
    "start": 1594970630838,
    "end": 1594970630928,
    "duration": 90,
    "pid": 13200,
    "index": 67
  },
  {
    "name": "Load Controller",
    "start": 1594970630939,
    "end": 1594970630943,
    "duration": 4,
    "pid": 13200,
    "index": 68
  },
  {
    "name": "Load \"controller\" to Application",
    "start": 1594970630939,
    "end": 1594970630943,
    "duration": 4,
    "pid": 13200,
    "index": 69
  },
  {
    "name": "Load Router",
    "start": 1594970630943,
    "end": 1594970630945,
    "duration": 2,
    "pid": 13200,
    "index": 70
  },
  {
    "name": "Require(51) app/router.js",
    "start": 1594970630943,
    "end": 1594970630944,
    "duration": 1,
    "pid": 13200,
    "index": 71
  },
  {
    "name": "Before Start in node_modules/_egg-core@4.17.4@egg-core/lib/egg.js:303:10",
    "start": 1594970630944,
    "end": 1594970630961,
    "duration": 17,
    "pid": 13200,
    "index": 72
  }
]