[
  {
    "name": "Application Start",
    "start": 1594970575174,
    "end": 1594970576107,
    "duration": 933,
    "pid": 11052,
    "index": 0
  },
  {
    "name": "Load Plugin",
    "start": 1594970575178,
    "end": 1594970575204,
    "duration": 26,
    "pid": 11052,
    "index": 1
  },
  {
    "name": "Load Config",
    "start": 1594970575204,
    "end": 1594970575227,
    "duration": 23,
    "pid": 11052,
    "index": 2
  },
  {
    "name": "Require(0) config/config.default.js",
    "start": 1594970575205,
    "end": 1594970575205,
    "duration": 0,
    "pid": 11052,
    "index": 3
  },
  {
    "name": "Require(1) node_modules/_egg-session@3.2.0@egg-session/config/config.default.js",
    "start": 1594970575207,
    "end": 1594970575208,
    "duration": 1,
    "pid": 11052,
    "index": 4
  },
  {
    "name": "Require(2) node_modules/_egg-security@2.8.0@egg-security/config/config.default.js",
    "start": 1594970575208,
    "end": 1594970575208,
    "duration": 0,
    "pid": 11052,
    "index": 5
  },
  {
    "name": "Require(3) node_modules/_egg-jsonp@2.0.0@egg-jsonp/config/config.default.js",
    "start": 1594970575209,
    "end": 1594970575210,
    "duration": 1,
    "pid": 11052,
    "index": 6
  },
  {
    "name": "Require(4) node_modules/_egg-onerror@2.1.0@egg-onerror/config/config.default.js",
    "start": 1594970575210,
    "end": 1594970575211,
    "duration": 1,
    "pid": 11052,
    "index": 7
  },
  {
    "name": "Require(5) node_modules/_egg-i18n@2.1.1@egg-i18n/config/config.default.js",
    "start": 1594970575211,
    "end": 1594970575211,
    "duration": 0,
    "pid": 11052,
    "index": 8
  },
  {
    "name": "Require(6) node_modules/_egg-watcher@3.1.1@egg-watcher/config/config.default.js",
    "start": 1594970575212,
    "end": 1594970575212,
    "duration": 0,
    "pid": 11052,
    "index": 9
  },
  {
    "name": "Require(7) node_modules/_egg-schedule@3.6.4@egg-schedule/config/config.default.js",
    "start": 1594970575213,
    "end": 1594970575213,
    "duration": 0,
    "pid": 11052,
    "index": 10
  },
  {
    "name": "Require(8) node_modules/_egg-multipart@2.10.3@egg-multipart/config/config.default.js",
    "start": 1594970575214,
    "end": 1594970575214,
    "duration": 0,
    "pid": 11052,
    "index": 11
  },
  {
    "name": "Require(9) node_modules/_egg-development@2.5.0@egg-development/config/config.default.js",
    "start": 1594970575215,
    "end": 1594970575215,
    "duration": 0,
    "pid": 11052,
    "index": 12
  },
  {
    "name": "Require(10) node_modules/_egg-logrotator@3.1.0@egg-logrotator/config/config.default.js",
    "start": 1594970575216,
    "end": 1594970575216,
    "duration": 0,
    "pid": 11052,
    "index": 13
  },
  {
    "name": "Require(11) node_modules/_egg-static@2.2.0@egg-static/config/config.default.js",
    "start": 1594970575217,
    "end": 1594970575217,
    "duration": 0,
    "pid": 11052,
    "index": 14
  },
  {
    "name": "Require(12) node_modules/_egg-view@2.1.2@egg-view/config/config.default.js",
    "start": 1594970575218,
    "end": 1594970575218,
    "duration": 0,
    "pid": 11052,
    "index": 15
  },
  {
    "name": "Require(13) node_modules/_egg-sequelize@5.2.2@egg-sequelize/config/config.default.js",
    "start": 1594970575219,
    "end": 1594970575219,
    "duration": 0,
    "pid": 11052,
    "index": 16
  },
  {
    "name": "Require(14) node_modules/_egg-cors@2.2.3@egg-cors/config/config.default.js",
    "start": 1594970575219,
    "end": 1594970575220,
    "duration": 1,
    "pid": 11052,
    "index": 17
  },
  {
    "name": "Require(15) node_modules/_egg-jwt@3.1.7@egg-jwt/config/config.default.js",
    "start": 1594970575220,
    "end": 1594970575221,
    "duration": 1,
    "pid": 11052,
    "index": 18
  },
  {
    "name": "Require(16) node_modules/_egg@2.27.0@egg/config/config.default.js",
    "start": 1594970575221,
    "end": 1594970575221,
    "duration": 0,
    "pid": 11052,
    "index": 19
  },
  {
    "name": "Require(17) config/config.default.js",
    "start": 1594970575222,
    "end": 1594970575223,
    "duration": 1,
    "pid": 11052,
    "index": 20
  },
  {
    "name": "Require(18) node_modules/_egg-security@2.8.0@egg-security/config/config.local.js",
    "start": 1594970575223,
    "end": 1594970575223,
    "duration": 0,
    "pid": 11052,
    "index": 21
  },
  {
    "name": "Require(19) node_modules/_egg-watcher@3.1.1@egg-watcher/config/config.local.js",
    "start": 1594970575224,
    "end": 1594970575225,
    "duration": 1,
    "pid": 11052,
    "index": 22
  },
  {
    "name": "Require(20) node_modules/_egg-view@2.1.2@egg-view/config/config.local.js",
    "start": 1594970575226,
    "end": 1594970575226,
    "duration": 0,
    "pid": 11052,
    "index": 23
  },
  {
    "name": "Require(21) node_modules/_egg@2.27.0@egg/config/config.local.js",
    "start": 1594970575227,
    "end": 1594970575227,
    "duration": 0,
    "pid": 11052,
    "index": 24
  },
  {
    "name": "Load extend/application.js",
    "start": 1594970575228,
    "end": 1594970575308,
    "duration": 80,
    "pid": 11052,
    "index": 25
  },
  {
    "name": "Require(22) node_modules/_egg-session@3.2.0@egg-session/app/extend/application.js",
    "start": 1594970575229,
    "end": 1594970575229,
    "duration": 0,
    "pid": 11052,
    "index": 26
  },
  {
    "name": "Require(23) node_modules/_egg-security@2.8.0@egg-security/app/extend/application.js",
    "start": 1594970575230,
    "end": 1594970575231,
    "duration": 1,
    "pid": 11052,
    "index": 27
  },
  {
    "name": "Require(24) node_modules/_egg-jsonp@2.0.0@egg-jsonp/app/extend/application.js",
    "start": 1594970575231,
    "end": 1594970575234,
    "duration": 3,
    "pid": 11052,
    "index": 28
  },
  {
    "name": "Require(25) node_modules/_egg-logrotator@3.1.0@egg-logrotator/app/extend/application.js",
    "start": 1594970575235,
    "end": 1594970575239,
    "duration": 4,
    "pid": 11052,
    "index": 29
  },
  {
    "name": "Require(26) node_modules/_egg-view@2.1.2@egg-view/app/extend/application.js",
    "start": 1594970575239,
    "end": 1594970575242,
    "duration": 3,
    "pid": 11052,
    "index": 30
  },
  {
    "name": "Require(27) node_modules/_egg-jwt@3.1.7@egg-jwt/app/extend/application.js",
    "start": 1594970575243,
    "end": 1594970575304,
    "duration": 61,
    "pid": 11052,
    "index": 31
  },
  {
    "name": "Load extend/request.js",
    "start": 1594970575308,
    "end": 1594970575316,
    "duration": 8,
    "pid": 11052,
    "index": 32
  },
  {
    "name": "Require(28) node_modules/_egg@2.27.0@egg/app/extend/request.js",
    "start": 1594970575311,
    "end": 1594970575313,
    "duration": 2,
    "pid": 11052,
    "index": 33
  },
  {
    "name": "Load extend/response.js",
    "start": 1594970575316,
    "end": 1594970575326,
    "duration": 10,
    "pid": 11052,
    "index": 34
  },
  {
    "name": "Require(29) node_modules/_egg@2.27.0@egg/app/extend/response.js",
    "start": 1594970575319,
    "end": 1594970575322,
    "duration": 3,
    "pid": 11052,
    "index": 35
  },
  {
    "name": "Load extend/context.js",
    "start": 1594970575326,
    "end": 1594970575413,
    "duration": 87,
    "pid": 11052,
    "index": 36
  },
  {
    "name": "Require(30) node_modules/_egg-security@2.8.0@egg-security/app/extend/context.js",
    "start": 1594970575326,
    "end": 1594970575344,
    "duration": 18,
    "pid": 11052,
    "index": 37
  },
  {
    "name": "Require(31) node_modules/_egg-jsonp@2.0.0@egg-jsonp/app/extend/context.js",
    "start": 1594970575344,
    "end": 1594970575346,
    "duration": 2,
    "pid": 11052,
    "index": 38
  },
  {
    "name": "Require(32) node_modules/_egg-i18n@2.1.1@egg-i18n/app/extend/context.js",
    "start": 1594970575347,
    "end": 1594970575347,
    "duration": 0,
    "pid": 11052,
    "index": 39
  },
  {
    "name": "Require(33) node_modules/_egg-multipart@2.10.3@egg-multipart/app/extend/context.js",
    "start": 1594970575348,
    "end": 1594970575405,
    "duration": 57,
    "pid": 11052,
    "index": 40
  },
  {
    "name": "Require(34) node_modules/_egg-view@2.1.2@egg-view/app/extend/context.js",
    "start": 1594970575406,
    "end": 1594970575407,
    "duration": 1,
    "pid": 11052,
    "index": 41
  },
  {
    "name": "Require(35) node_modules/_egg@2.27.0@egg/app/extend/context.js",
    "start": 1594970575408,
    "end": 1594970575410,
    "duration": 2,
    "pid": 11052,
    "index": 42
  },
  {
    "name": "Load extend/helper.js",
    "start": 1594970575414,
    "end": 1594970575439,
    "duration": 25,
    "pid": 11052,
    "index": 43
  },
  {
    "name": "Require(36) node_modules/_egg-security@2.8.0@egg-security/app/extend/helper.js",
    "start": 1594970575414,
    "end": 1594970575432,
    "duration": 18,
    "pid": 11052,
    "index": 44
  },
  {
    "name": "Require(37) node_modules/_egg@2.27.0@egg/app/extend/helper.js",
    "start": 1594970575435,
    "end": 1594970575435,
    "duration": 0,
    "pid": 11052,
    "index": 45
  },
  {
    "name": "Load app.js",
    "start": 1594970575439,
    "end": 1594970575480,
    "duration": 41,
    "pid": 11052,
    "index": 46
  },
  {
    "name": "Require(38) node_modules/_egg-session@3.2.0@egg-session/app.js",
    "start": 1594970575439,
    "end": 1594970575440,
    "duration": 1,
    "pid": 11052,
    "index": 47
  },
  {
    "name": "Require(39) node_modules/_egg-security@2.8.0@egg-security/app.js",
    "start": 1594970575440,
    "end": 1594970575442,
    "duration": 2,
    "pid": 11052,
    "index": 48
  },
  {
    "name": "Require(40) node_modules/_egg-onerror@2.1.0@egg-onerror/app.js",
    "start": 1594970575443,
    "end": 1594970575456,
    "duration": 13,
    "pid": 11052,
    "index": 49
  },
  {
    "name": "Require(41) node_modules/_egg-i18n@2.1.1@egg-i18n/app.js",
    "start": 1594970575456,
    "end": 1594970575466,
    "duration": 10,
    "pid": 11052,
    "index": 50
  },
  {
    "name": "Require(42) node_modules/_egg-watcher@3.1.1@egg-watcher/app.js",
    "start": 1594970575467,
    "end": 1594970575472,
    "duration": 5,
    "pid": 11052,
    "index": 51
  },
  {
    "name": "Require(43) node_modules/_egg-schedule@3.6.4@egg-schedule/app.js",
    "start": 1594970575472,
    "end": 1594970575475,
    "duration": 3,
    "pid": 11052,
    "index": 52
  },
  {
    "name": "Require(44) node_modules/_egg-multipart@2.10.3@egg-multipart/app.js",
    "start": 1594970575475,
    "end": 1594970575475,
    "duration": 0,
    "pid": 11052,
    "index": 53
  },
  {
    "name": "Require(45) node_modules/_egg-development@2.5.0@egg-development/app.js",
    "start": 1594970575476,
    "end": 1594970575476,
    "duration": 0,
    "pid": 11052,
    "index": 54
  },
  {
    "name": "Require(46) node_modules/_egg-logrotator@3.1.0@egg-logrotator/app.js",
    "start": 1594970575476,
    "end": 1594970575477,
    "duration": 1,
    "pid": 11052,
    "index": 55
  },
  {
    "name": "Require(47) node_modules/_egg-static@2.2.0@egg-static/app.js",
    "start": 1594970575477,
    "end": 1594970575477,
    "duration": 0,
    "pid": 11052,
    "index": 56
  },
  {
    "name": "Require(48) node_modules/_egg-sequelize@5.2.2@egg-sequelize/app.js",
    "start": 1594970575478,
    "end": 1594970575478,
    "duration": 0,
    "pid": 11052,
    "index": 57
  },
  {
    "name": "Require(49) node_modules/_egg-cors@2.2.3@egg-cors/app.js",
    "start": 1594970575478,
    "end": 1594970575478,
    "duration": 0,
    "pid": 11052,
    "index": 58
  },
  {
    "name": "Require(50) node_modules/_egg-jwt@3.1.7@egg-jwt/app.js",
    "start": 1594970575479,
    "end": 1594970575479,
    "duration": 0,
    "pid": 11052,
    "index": 59
  },
  {
    "name": "Before Start in node_modules/_egg-watcher@3.1.1@egg-watcher/lib/init.js:15:14",
    "start": 1594970575493,
    "end": 1594970576020,
    "duration": 527,
    "pid": 11052,
    "index": 60
  },
  {
    "name": "Load \"Symbol(crm)\" to Application",
    "start": 1594970575846,
    "end": 1594970575854,
    "duration": 8,
    "pid": 11052,
    "index": 61
  },
  {
    "name": "Load \"Symbol(road)\" to Application",
    "start": 1594970575855,
    "end": 1594970575860,
    "duration": 5,
    "pid": 11052,
    "index": 62
  },
  {
    "name": "Before Start in node_modules/_egg-sequelize@5.2.2@egg-sequelize/lib/loader.js:39:7",
    "start": 1594970575860,
    "end": 1594970576107,
    "duration": 247,
    "pid": 11052,
    "index": 63
  },
  {
    "name": "Load Service",
    "start": 1594970575861,
    "end": 1594970575875,
    "duration": 14,
    "pid": 11052,
    "index": 64
  },
  {
    "name": "Load \"service\" to Context",
    "start": 1594970575861,
    "end": 1594970575875,
    "duration": 14,
    "pid": 11052,
    "index": 65
  },
  {
    "name": "Load Middleware",
    "start": 1594970575875,
    "end": 1594970575983,
    "duration": 108,
    "pid": 11052,
    "index": 66
  },
  {
    "name": "Load \"middlewares\" to Application",
    "start": 1594970575875,
    "end": 1594970575971,
    "duration": 96,
    "pid": 11052,
    "index": 67
  },
  {
    "name": "Load Controller",
    "start": 1594970575983,
    "end": 1594970575987,
    "duration": 4,
    "pid": 11052,
    "index": 68
  },
  {
    "name": "Load \"controller\" to Application",
    "start": 1594970575983,
    "end": 1594970575987,
    "duration": 4,
    "pid": 11052,
    "index": 69
  },
  {
    "name": "Load Router",
    "start": 1594970575987,
    "end": 1594970575989,
    "duration": 2,
    "pid": 11052,
    "index": 70
  },
  {
    "name": "Require(51) app/router.js",
    "start": 1594970575987,
    "end": 1594970575987,
    "duration": 0,
    "pid": 11052,
    "index": 71
  },
  {
    "name": "Before Start in node_modules/_egg-core@4.17.4@egg-core/lib/egg.js:303:10",
    "start": 1594970575988,
    "end": 1594970576003,
    "duration": 15,
    "pid": 11052,
    "index": 72
  }
]