[
  {
    "name": "Application Start",
    "start": 1594971835706,
    "end": 1594971836664,
    "duration": 958,
    "pid": 12808,
    "index": 0
  },
  {
    "name": "Load Plugin",
    "start": 1594971835710,
    "end": 1594971835737,
    "duration": 27,
    "pid": 12808,
    "index": 1
  },
  {
    "name": "Load Config",
    "start": 1594971835738,
    "end": 1594971835761,
    "duration": 23,
    "pid": 12808,
    "index": 2
  },
  {
    "name": "Require(0) config/config.default.js",
    "start": 1594971835738,
    "end": 1594971835739,
    "duration": 1,
    "pid": 12808,
    "index": 3
  },
  {
    "name": "Require(1) node_modules/_egg-session@3.2.0@egg-session/config/config.default.js",
    "start": 1594971835740,
    "end": 1594971835741,
    "duration": 1,
    "pid": 12808,
    "index": 4
  },
  {
    "name": "Require(2) node_modules/_egg-security@2.8.0@egg-security/config/config.default.js",
    "start": 1594971835741,
    "end": 1594971835742,
    "duration": 1,
    "pid": 12808,
    "index": 5
  },
  {
    "name": "Require(3) node_modules/_egg-jsonp@2.0.0@egg-jsonp/config/config.default.js",
    "start": 1594971835743,
    "end": 1594971835743,
    "duration": 0,
    "pid": 12808,
    "index": 6
  },
  {
    "name": "Require(4) node_modules/_egg-onerror@2.1.0@egg-onerror/config/config.default.js",
    "start": 1594971835744,
    "end": 1594971835744,
    "duration": 0,
    "pid": 12808,
    "index": 7
  },
  {
    "name": "Require(5) node_modules/_egg-i18n@2.1.1@egg-i18n/config/config.default.js",
    "start": 1594971835745,
    "end": 1594971835745,
    "duration": 0,
    "pid": 12808,
    "index": 8
  },
  {
    "name": "Require(6) node_modules/_egg-watcher@3.1.1@egg-watcher/config/config.default.js",
    "start": 1594971835745,
    "end": 1594971835746,
    "duration": 1,
    "pid": 12808,
    "index": 9
  },
  {
    "name": "Require(7) node_modules/_egg-schedule@3.6.4@egg-schedule/config/config.default.js",
    "start": 1594971835746,
    "end": 1594971835747,
    "duration": 1,
    "pid": 12808,
    "index": 10
  },
  {
    "name": "Require(8) node_modules/_egg-multipart@2.10.3@egg-multipart/config/config.default.js",
    "start": 1594971835747,
    "end": 1594971835748,
    "duration": 1,
    "pid": 12808,
    "index": 11
  },
  {
    "name": "Require(9) node_modules/_egg-development@2.5.0@egg-development/config/config.default.js",
    "start": 1594971835748,
    "end": 1594971835749,
    "duration": 1,
    "pid": 12808,
    "index": 12
  },
  {
    "name": "Require(10) node_modules/_egg-logrotator@3.1.0@egg-logrotator/config/config.default.js",
    "start": 1594971835749,
    "end": 1594971835749,
    "duration": 0,
    "pid": 12808,
    "index": 13
  },
  {
    "name": "Require(11) node_modules/_egg-static@2.2.0@egg-static/config/config.default.js",
    "start": 1594971835750,
    "end": 1594971835750,
    "duration": 0,
    "pid": 12808,
    "index": 14
  },
  {
    "name": "Require(12) node_modules/_egg-view@2.1.2@egg-view/config/config.default.js",
    "start": 1594971835751,
    "end": 1594971835751,
    "duration": 0,
    "pid": 12808,
    "index": 15
  },
  {
    "name": "Require(13) node_modules/_egg-sequelize@5.2.2@egg-sequelize/config/config.default.js",
    "start": 1594971835752,
    "end": 1594971835752,
    "duration": 0,
    "pid": 12808,
    "index": 16
  },
  {
    "name": "Require(14) node_modules/_egg-cors@2.2.3@egg-cors/config/config.default.js",
    "start": 1594971835752,
    "end": 1594971835753,
    "duration": 1,
    "pid": 12808,
    "index": 17
  },
  {
    "name": "Require(15) node_modules/_egg-jwt@3.1.7@egg-jwt/config/config.default.js",
    "start": 1594971835753,
    "end": 1594971835754,
    "duration": 1,
    "pid": 12808,
    "index": 18
  },
  {
    "name": "Require(16) node_modules/_egg@2.27.0@egg/config/config.default.js",
    "start": 1594971835754,
    "end": 1594971835755,
    "duration": 1,
    "pid": 12808,
    "index": 19
  },
  {
    "name": "Require(17) config/config.default.js",
    "start": 1594971835756,
    "end": 1594971835756,
    "duration": 0,
    "pid": 12808,
    "index": 20
  },
  {
    "name": "Require(18) node_modules/_egg-security@2.8.0@egg-security/config/config.local.js",
    "start": 1594971835756,
    "end": 1594971835757,
    "duration": 1,
    "pid": 12808,
    "index": 21
  },
  {
    "name": "Require(19) node_modules/_egg-watcher@3.1.1@egg-watcher/config/config.local.js",
    "start": 1594971835758,
    "end": 1594971835758,
    "duration": 0,
    "pid": 12808,
    "index": 22
  },
  {
    "name": "Require(20) node_modules/_egg-view@2.1.2@egg-view/config/config.local.js",
    "start": 1594971835759,
    "end": 1594971835760,
    "duration": 1,
    "pid": 12808,
    "index": 23
  },
  {
    "name": "Require(21) node_modules/_egg@2.27.0@egg/config/config.local.js",
    "start": 1594971835760,
    "end": 1594971835761,
    "duration": 1,
    "pid": 12808,
    "index": 24
  },
  {
    "name": "Load extend/application.js",
    "start": 1594971835762,
    "end": 1594971835834,
    "duration": 72,
    "pid": 12808,
    "index": 25
  },
  {
    "name": "Require(22) node_modules/_egg-session@3.2.0@egg-session/app/extend/application.js",
    "start": 1594971835762,
    "end": 1594971835763,
    "duration": 1,
    "pid": 12808,
    "index": 26
  },
  {
    "name": "Require(23) node_modules/_egg-security@2.8.0@egg-security/app/extend/application.js",
    "start": 1594971835763,
    "end": 1594971835764,
    "duration": 1,
    "pid": 12808,
    "index": 27
  },
  {
    "name": "Require(24) node_modules/_egg-jsonp@2.0.0@egg-jsonp/app/extend/application.js",
    "start": 1594971835765,
    "end": 1594971835767,
    "duration": 2,
    "pid": 12808,
    "index": 28
  },
  {
    "name": "Require(25) node_modules/_egg-logrotator@3.1.0@egg-logrotator/app/extend/application.js",
    "start": 1594971835769,
    "end": 1594971835772,
    "duration": 3,
    "pid": 12808,
    "index": 29
  },
  {
    "name": "Require(26) node_modules/_egg-view@2.1.2@egg-view/app/extend/application.js",
    "start": 1594971835773,
    "end": 1594971835775,
    "duration": 2,
    "pid": 12808,
    "index": 30
  },
  {
    "name": "Require(27) node_modules/_egg-jwt@3.1.7@egg-jwt/app/extend/application.js",
    "start": 1594971835776,
    "end": 1594971835830,
    "duration": 54,
    "pid": 12808,
    "index": 31
  },
  {
    "name": "Load extend/request.js",
    "start": 1594971835834,
    "end": 1594971835842,
    "duration": 8,
    "pid": 12808,
    "index": 32
  },
  {
    "name": "Require(28) node_modules/_egg@2.27.0@egg/app/extend/request.js",
    "start": 1594971835837,
    "end": 1594971835839,
    "duration": 2,
    "pid": 12808,
    "index": 33
  },
  {
    "name": "Load extend/response.js",
    "start": 1594971835842,
    "end": 1594971835852,
    "duration": 10,
    "pid": 12808,
    "index": 34
  },
  {
    "name": "Require(29) node_modules/_egg@2.27.0@egg/app/extend/response.js",
    "start": 1594971835845,
    "end": 1594971835848,
    "duration": 3,
    "pid": 12808,
    "index": 35
  },
  {
    "name": "Load extend/context.js",
    "start": 1594971835852,
    "end": 1594971835956,
    "duration": 104,
    "pid": 12808,
    "index": 36
  },
  {
    "name": "Require(30) node_modules/_egg-security@2.8.0@egg-security/app/extend/context.js",
    "start": 1594971835852,
    "end": 1594971835880,
    "duration": 28,
    "pid": 12808,
    "index": 37
  },
  {
    "name": "Require(31) node_modules/_egg-jsonp@2.0.0@egg-jsonp/app/extend/context.js",
    "start": 1594971835880,
    "end": 1594971835883,
    "duration": 3,
    "pid": 12808,
    "index": 38
  },
  {
    "name": "Require(32) node_modules/_egg-i18n@2.1.1@egg-i18n/app/extend/context.js",
    "start": 1594971835883,
    "end": 1594971835884,
    "duration": 1,
    "pid": 12808,
    "index": 39
  },
  {
    "name": "Require(33) node_modules/_egg-multipart@2.10.3@egg-multipart/app/extend/context.js",
    "start": 1594971835885,
    "end": 1594971835948,
    "duration": 63,
    "pid": 12808,
    "index": 40
  },
  {
    "name": "Require(34) node_modules/_egg-view@2.1.2@egg-view/app/extend/context.js",
    "start": 1594971835949,
    "end": 1594971835950,
    "duration": 1,
    "pid": 12808,
    "index": 41
  },
  {
    "name": "Require(35) node_modules/_egg@2.27.0@egg/app/extend/context.js",
    "start": 1594971835951,
    "end": 1594971835952,
    "duration": 1,
    "pid": 12808,
    "index": 42
  },
  {
    "name": "Load extend/helper.js",
    "start": 1594971835956,
    "end": 1594971835983,
    "duration": 27,
    "pid": 12808,
    "index": 43
  },
  {
    "name": "Require(36) node_modules/_egg-security@2.8.0@egg-security/app/extend/helper.js",
    "start": 1594971835957,
    "end": 1594971835976,
    "duration": 19,
    "pid": 12808,
    "index": 44
  },
  {
    "name": "Require(37) node_modules/_egg@2.27.0@egg/app/extend/helper.js",
    "start": 1594971835979,
    "end": 1594971835980,
    "duration": 1,
    "pid": 12808,
    "index": 45
  },
  {
    "name": "Load app.js",
    "start": 1594971835983,
    "end": 1594971836028,
    "duration": 45,
    "pid": 12808,
    "index": 46
  },
  {
    "name": "Require(38) node_modules/_egg-session@3.2.0@egg-session/app.js",
    "start": 1594971835983,
    "end": 1594971835983,
    "duration": 0,
    "pid": 12808,
    "index": 47
  },
  {
    "name": "Require(39) node_modules/_egg-security@2.8.0@egg-security/app.js",
    "start": 1594971835984,
    "end": 1594971835986,
    "duration": 2,
    "pid": 12808,
    "index": 48
  },
  {
    "name": "Require(40) node_modules/_egg-onerror@2.1.0@egg-onerror/app.js",
    "start": 1594971835987,
    "end": 1594971835999,
    "duration": 12,
    "pid": 12808,
    "index": 49
  },
  {
    "name": "Require(41) node_modules/_egg-i18n@2.1.1@egg-i18n/app.js",
    "start": 1594971836000,
    "end": 1594971836011,
    "duration": 11,
    "pid": 12808,
    "index": 50
  },
  {
    "name": "Require(42) node_modules/_egg-watcher@3.1.1@egg-watcher/app.js",
    "start": 1594971836011,
    "end": 1594971836016,
    "duration": 5,
    "pid": 12808,
    "index": 51
  },
  {
    "name": "Require(43) node_modules/_egg-schedule@3.6.4@egg-schedule/app.js",
    "start": 1594971836017,
    "end": 1594971836019,
    "duration": 2,
    "pid": 12808,
    "index": 52
  },
  {
    "name": "Require(44) node_modules/_egg-multipart@2.10.3@egg-multipart/app.js",
    "start": 1594971836020,
    "end": 1594971836020,
    "duration": 0,
    "pid": 12808,
    "index": 53
  },
  {
    "name": "Require(45) node_modules/_egg-development@2.5.0@egg-development/app.js",
    "start": 1594971836020,
    "end": 1594971836021,
    "duration": 1,
    "pid": 12808,
    "index": 54
  },
  {
    "name": "Require(46) node_modules/_egg-logrotator@3.1.0@egg-logrotator/app.js",
    "start": 1594971836021,
    "end": 1594971836021,
    "duration": 0,
    "pid": 12808,
    "index": 55
  },
  {
    "name": "Require(47) node_modules/_egg-static@2.2.0@egg-static/app.js",
    "start": 1594971836021,
    "end": 1594971836022,
    "duration": 1,
    "pid": 12808,
    "index": 56
  },
  {
    "name": "Require(48) node_modules/_egg-sequelize@5.2.2@egg-sequelize/app.js",
    "start": 1594971836022,
    "end": 1594971836022,
    "duration": 0,
    "pid": 12808,
    "index": 57
  },
  {
    "name": "Require(49) node_modules/_egg-cors@2.2.3@egg-cors/app.js",
    "start": 1594971836023,
    "end": 1594971836026,
    "duration": 3,
    "pid": 12808,
    "index": 58
  },
  {
    "name": "Require(50) node_modules/_egg-jwt@3.1.7@egg-jwt/app.js",
    "start": 1594971836027,
    "end": 1594971836027,
    "duration": 0,
    "pid": 12808,
    "index": 59
  },
  {
    "name": "Before Start in node_modules/_egg-watcher@3.1.1@egg-watcher/lib/init.js:15:14",
    "start": 1594971836038,
    "end": 1594971836571,
    "duration": 533,
    "pid": 12808,
    "index": 60
  },
  {
    "name": "Load \"Symbol(crm)\" to Application",
    "start": 1594971836388,
    "end": 1594971836397,
    "duration": 9,
    "pid": 12808,
    "index": 61
  },
  {
    "name": "Load \"Symbol(road)\" to Application",
    "start": 1594971836397,
    "end": 1594971836402,
    "duration": 5,
    "pid": 12808,
    "index": 62
  },
  {
    "name": "Before Start in node_modules/_egg-sequelize@5.2.2@egg-sequelize/lib/loader.js:39:7",
    "start": 1594971836402,
    "end": 1594971836663,
    "duration": 261,
    "pid": 12808,
    "index": 63
  },
  {
    "name": "Load Service",
    "start": 1594971836402,
    "end": 1594971836416,
    "duration": 14,
    "pid": 12808,
    "index": 64
  },
  {
    "name": "Load \"service\" to Context",
    "start": 1594971836403,
    "end": 1594971836416,
    "duration": 13,
    "pid": 12808,
    "index": 65
  },
  {
    "name": "Load Middleware",
    "start": 1594971836416,
    "end": 1594971836530,
    "duration": 114,
    "pid": 12808,
    "index": 66
  },
  {
    "name": "Load \"middlewares\" to Application",
    "start": 1594971836417,
    "end": 1594971836518,
    "duration": 101,
    "pid": 12808,
    "index": 67
  },
  {
    "name": "Load Controller",
    "start": 1594971836531,
    "end": 1594971836537,
    "duration": 6,
    "pid": 12808,
    "index": 68
  },
  {
    "name": "Load \"controller\" to Application",
    "start": 1594971836531,
    "end": 1594971836537,
    "duration": 6,
    "pid": 12808,
    "index": 69
  },
  {
    "name": "Load Router",
    "start": 1594971836537,
    "end": 1594971836540,
    "duration": 3,
    "pid": 12808,
    "index": 70
  },
  {
    "name": "Require(51) app/router.js",
    "start": 1594971836538,
    "end": 1594971836538,
    "duration": 0,
    "pid": 12808,
    "index": 71
  },
  {
    "name": "Before Start in node_modules/_egg-core@4.17.4@egg-core/lib/egg.js:303:10",
    "start": 1594971836538,
    "end": 1594971836557,
    "duration": 19,
    "pid": 12808,
    "index": 72
  }
]