[
  {
    "name": "Application Start",
    "start": 1594969365964,
    "end": 1594969366887,
    "duration": 923,
    "pid": 11284,
    "index": 0
  },
  {
    "name": "Load Plugin",
    "start": 1594969365968,
    "end": 1594969365994,
    "duration": 26,
    "pid": 11284,
    "index": 1
  },
  {
    "name": "Load Config",
    "start": 1594969365995,
    "end": 1594969366019,
    "duration": 24,
    "pid": 11284,
    "index": 2
  },
  {
    "name": "Require(0) config/config.default.js",
    "start": 1594969365995,
    "end": 1594969365996,
    "duration": 1,
    "pid": 11284,
    "index": 3
  },
  {
    "name": "Require(1) node_modules/_egg-session@3.2.0@egg-session/config/config.default.js",
    "start": 1594969365997,
    "end": 1594969365998,
    "duration": 1,
    "pid": 11284,
    "index": 4
  },
  {
    "name": "Require(2) node_modules/_egg-security@2.8.0@egg-security/config/config.default.js",
    "start": 1594969365998,
    "end": 1594969365998,
    "duration": 0,
    "pid": 11284,
    "index": 5
  },
  {
    "name": "Require(3) node_modules/_egg-jsonp@2.0.0@egg-jsonp/config/config.default.js",
    "start": 1594969365999,
    "end": 1594969366000,
    "duration": 1,
    "pid": 11284,
    "index": 6
  },
  {
    "name": "Require(4) node_modules/_egg-onerror@2.1.0@egg-onerror/config/config.default.js",
    "start": 1594969366000,
    "end": 1594969366001,
    "duration": 1,
    "pid": 11284,
    "index": 7
  },
  {
    "name": "Require(5) node_modules/_egg-i18n@2.1.1@egg-i18n/config/config.default.js",
    "start": 1594969366001,
    "end": 1594969366002,
    "duration": 1,
    "pid": 11284,
    "index": 8
  },
  {
    "name": "Require(6) node_modules/_egg-watcher@3.1.1@egg-watcher/config/config.default.js",
    "start": 1594969366002,
    "end": 1594969366002,
    "duration": 0,
    "pid": 11284,
    "index": 9
  },
  {
    "name": "Require(7) node_modules/_egg-schedule@3.6.4@egg-schedule/config/config.default.js",
    "start": 1594969366003,
    "end": 1594969366003,
    "duration": 0,
    "pid": 11284,
    "index": 10
  },
  {
    "name": "Require(8) node_modules/_egg-multipart@2.10.3@egg-multipart/config/config.default.js",
    "start": 1594969366004,
    "end": 1594969366004,
    "duration": 0,
    "pid": 11284,
    "index": 11
  },
  {
    "name": "Require(9) node_modules/_egg-development@2.5.0@egg-development/config/config.default.js",
    "start": 1594969366005,
    "end": 1594969366006,
    "duration": 1,
    "pid": 11284,
    "index": 12
  },
  {
    "name": "Require(10) node_modules/_egg-logrotator@3.1.0@egg-logrotator/config/config.default.js",
    "start": 1594969366006,
    "end": 1594969366006,
    "duration": 0,
    "pid": 11284,
    "index": 13
  },
  {
    "name": "Require(11) node_modules/_egg-static@2.2.0@egg-static/config/config.default.js",
    "start": 1594969366007,
    "end": 1594969366007,
    "duration": 0,
    "pid": 11284,
    "index": 14
  },
  {
    "name": "Require(12) node_modules/_egg-view@2.1.2@egg-view/config/config.default.js",
    "start": 1594969366008,
    "end": 1594969366008,
    "duration": 0,
    "pid": 11284,
    "index": 15
  },
  {
    "name": "Require(13) node_modules/_egg-sequelize@5.2.2@egg-sequelize/config/config.default.js",
    "start": 1594969366009,
    "end": 1594969366009,
    "duration": 0,
    "pid": 11284,
    "index": 16
  },
  {
    "name": "Require(14) node_modules/_egg-cors@2.2.3@egg-cors/config/config.default.js",
    "start": 1594969366010,
    "end": 1594969366010,
    "duration": 0,
    "pid": 11284,
    "index": 17
  },
  {
    "name": "Require(15) node_modules/_egg-jwt@3.1.7@egg-jwt/config/config.default.js",
    "start": 1594969366010,
    "end": 1594969366011,
    "duration": 1,
    "pid": 11284,
    "index": 18
  },
  {
    "name": "Require(16) node_modules/_egg@2.27.0@egg/config/config.default.js",
    "start": 1594969366013,
    "end": 1594969366013,
    "duration": 0,
    "pid": 11284,
    "index": 19
  },
  {
    "name": "Require(17) config/config.default.js",
    "start": 1594969366015,
    "end": 1594969366015,
    "duration": 0,
    "pid": 11284,
    "index": 20
  },
  {
    "name": "Require(18) node_modules/_egg-security@2.8.0@egg-security/config/config.local.js",
    "start": 1594969366015,
    "end": 1594969366016,
    "duration": 1,
    "pid": 11284,
    "index": 21
  },
  {
    "name": "Require(19) node_modules/_egg-watcher@3.1.1@egg-watcher/config/config.local.js",
    "start": 1594969366016,
    "end": 1594969366017,
    "duration": 1,
    "pid": 11284,
    "index": 22
  },
  {
    "name": "Require(20) node_modules/_egg-view@2.1.2@egg-view/config/config.local.js",
    "start": 1594969366018,
    "end": 1594969366018,
    "duration": 0,
    "pid": 11284,
    "index": 23
  },
  {
    "name": "Require(21) node_modules/_egg@2.27.0@egg/config/config.local.js",
    "start": 1594969366019,
    "end": 1594969366019,
    "duration": 0,
    "pid": 11284,
    "index": 24
  },
  {
    "name": "Load extend/application.js",
    "start": 1594969366020,
    "end": 1594969366091,
    "duration": 71,
    "pid": 11284,
    "index": 25
  },
  {
    "name": "Require(22) node_modules/_egg-session@3.2.0@egg-session/app/extend/application.js",
    "start": 1594969366021,
    "end": 1594969366021,
    "duration": 0,
    "pid": 11284,
    "index": 26
  },
  {
    "name": "Require(23) node_modules/_egg-security@2.8.0@egg-security/app/extend/application.js",
    "start": 1594969366022,
    "end": 1594969366023,
    "duration": 1,
    "pid": 11284,
    "index": 27
  },
  {
    "name": "Require(24) node_modules/_egg-jsonp@2.0.0@egg-jsonp/app/extend/application.js",
    "start": 1594969366023,
    "end": 1594969366026,
    "duration": 3,
    "pid": 11284,
    "index": 28
  },
  {
    "name": "Require(25) node_modules/_egg-logrotator@3.1.0@egg-logrotator/app/extend/application.js",
    "start": 1594969366028,
    "end": 1594969366031,
    "duration": 3,
    "pid": 11284,
    "index": 29
  },
  {
    "name": "Require(26) node_modules/_egg-view@2.1.2@egg-view/app/extend/application.js",
    "start": 1594969366031,
    "end": 1594969366033,
    "duration": 2,
    "pid": 11284,
    "index": 30
  },
  {
    "name": "Require(27) node_modules/_egg-jwt@3.1.7@egg-jwt/app/extend/application.js",
    "start": 1594969366034,
    "end": 1594969366087,
    "duration": 53,
    "pid": 11284,
    "index": 31
  },
  {
    "name": "Load extend/request.js",
    "start": 1594969366091,
    "end": 1594969366099,
    "duration": 8,
    "pid": 11284,
    "index": 32
  },
  {
    "name": "Require(28) node_modules/_egg@2.27.0@egg/app/extend/request.js",
    "start": 1594969366094,
    "end": 1594969366096,
    "duration": 2,
    "pid": 11284,
    "index": 33
  },
  {
    "name": "Load extend/response.js",
    "start": 1594969366099,
    "end": 1594969366108,
    "duration": 9,
    "pid": 11284,
    "index": 34
  },
  {
    "name": "Require(29) node_modules/_egg@2.27.0@egg/app/extend/response.js",
    "start": 1594969366102,
    "end": 1594969366105,
    "duration": 3,
    "pid": 11284,
    "index": 35
  },
  {
    "name": "Load extend/context.js",
    "start": 1594969366109,
    "end": 1594969366190,
    "duration": 81,
    "pid": 11284,
    "index": 36
  },
  {
    "name": "Require(30) node_modules/_egg-security@2.8.0@egg-security/app/extend/context.js",
    "start": 1594969366109,
    "end": 1594969366125,
    "duration": 16,
    "pid": 11284,
    "index": 37
  },
  {
    "name": "Require(31) node_modules/_egg-jsonp@2.0.0@egg-jsonp/app/extend/context.js",
    "start": 1594969366126,
    "end": 1594969366127,
    "duration": 1,
    "pid": 11284,
    "index": 38
  },
  {
    "name": "Require(32) node_modules/_egg-i18n@2.1.1@egg-i18n/app/extend/context.js",
    "start": 1594969366128,
    "end": 1594969366128,
    "duration": 0,
    "pid": 11284,
    "index": 39
  },
  {
    "name": "Require(33) node_modules/_egg-multipart@2.10.3@egg-multipart/app/extend/context.js",
    "start": 1594969366129,
    "end": 1594969366182,
    "duration": 53,
    "pid": 11284,
    "index": 40
  },
  {
    "name": "Require(34) node_modules/_egg-view@2.1.2@egg-view/app/extend/context.js",
    "start": 1594969366183,
    "end": 1594969366184,
    "duration": 1,
    "pid": 11284,
    "index": 41
  },
  {
    "name": "Require(35) node_modules/_egg@2.27.0@egg/app/extend/context.js",
    "start": 1594969366185,
    "end": 1594969366187,
    "duration": 2,
    "pid": 11284,
    "index": 42
  },
  {
    "name": "Load extend/helper.js",
    "start": 1594969366190,
    "end": 1594969366213,
    "duration": 23,
    "pid": 11284,
    "index": 43
  },
  {
    "name": "Require(36) node_modules/_egg-security@2.8.0@egg-security/app/extend/helper.js",
    "start": 1594969366190,
    "end": 1594969366207,
    "duration": 17,
    "pid": 11284,
    "index": 44
  },
  {
    "name": "Require(37) node_modules/_egg@2.27.0@egg/app/extend/helper.js",
    "start": 1594969366210,
    "end": 1594969366210,
    "duration": 0,
    "pid": 11284,
    "index": 45
  },
  {
    "name": "Load app.js",
    "start": 1594969366213,
    "end": 1594969366254,
    "duration": 41,
    "pid": 11284,
    "index": 46
  },
  {
    "name": "Require(38) node_modules/_egg-session@3.2.0@egg-session/app.js",
    "start": 1594969366214,
    "end": 1594969366214,
    "duration": 0,
    "pid": 11284,
    "index": 47
  },
  {
    "name": "Require(39) node_modules/_egg-security@2.8.0@egg-security/app.js",
    "start": 1594969366214,
    "end": 1594969366216,
    "duration": 2,
    "pid": 11284,
    "index": 48
  },
  {
    "name": "Require(40) node_modules/_egg-onerror@2.1.0@egg-onerror/app.js",
    "start": 1594969366217,
    "end": 1594969366228,
    "duration": 11,
    "pid": 11284,
    "index": 49
  },
  {
    "name": "Require(41) node_modules/_egg-i18n@2.1.1@egg-i18n/app.js",
    "start": 1594969366229,
    "end": 1594969366238,
    "duration": 9,
    "pid": 11284,
    "index": 50
  },
  {
    "name": "Require(42) node_modules/_egg-watcher@3.1.1@egg-watcher/app.js",
    "start": 1594969366238,
    "end": 1594969366243,
    "duration": 5,
    "pid": 11284,
    "index": 51
  },
  {
    "name": "Require(43) node_modules/_egg-schedule@3.6.4@egg-schedule/app.js",
    "start": 1594969366244,
    "end": 1594969366246,
    "duration": 2,
    "pid": 11284,
    "index": 52
  },
  {
    "name": "Require(44) node_modules/_egg-multipart@2.10.3@egg-multipart/app.js",
    "start": 1594969366246,
    "end": 1594969366247,
    "duration": 1,
    "pid": 11284,
    "index": 53
  },
  {
    "name": "Require(45) node_modules/_egg-development@2.5.0@egg-development/app.js",
    "start": 1594969366247,
    "end": 1594969366247,
    "duration": 0,
    "pid": 11284,
    "index": 54
  },
  {
    "name": "Require(46) node_modules/_egg-logrotator@3.1.0@egg-logrotator/app.js",
    "start": 1594969366248,
    "end": 1594969366248,
    "duration": 0,
    "pid": 11284,
    "index": 55
  },
  {
    "name": "Require(47) node_modules/_egg-static@2.2.0@egg-static/app.js",
    "start": 1594969366248,
    "end": 1594969366248,
    "duration": 0,
    "pid": 11284,
    "index": 56
  },
  {
    "name": "Require(48) node_modules/_egg-sequelize@5.2.2@egg-sequelize/app.js",
    "start": 1594969366249,
    "end": 1594969366249,
    "duration": 0,
    "pid": 11284,
    "index": 57
  },
  {
    "name": "Require(49) node_modules/_egg-cors@2.2.3@egg-cors/app.js",
    "start": 1594969366252,
    "end": 1594969366253,
    "duration": 1,
    "pid": 11284,
    "index": 58
  },
  {
    "name": "Require(50) node_modules/_egg-jwt@3.1.7@egg-jwt/app.js",
    "start": 1594969366253,
    "end": 1594969366254,
    "duration": 1,
    "pid": 11284,
    "index": 59
  },
  {
    "name": "Before Start in node_modules/_egg-watcher@3.1.1@egg-watcher/lib/init.js:15:14",
    "start": 1594969366265,
    "end": 1594969366788,
    "duration": 523,
    "pid": 11284,
    "index": 60
  },
  {
    "name": "Load \"Symbol(crm)\" to Application",
    "start": 1594969366608,
    "end": 1594969366616,
    "duration": 8,
    "pid": 11284,
    "index": 61
  },
  {
    "name": "Load \"Symbol(road)\" to Application",
    "start": 1594969366616,
    "end": 1594969366624,
    "duration": 8,
    "pid": 11284,
    "index": 62
  },
  {
    "name": "Before Start in node_modules/_egg-sequelize@5.2.2@egg-sequelize/lib/loader.js:39:7",
    "start": 1594969366624,
    "end": 1594969366886,
    "duration": 262,
    "pid": 11284,
    "index": 63
  },
  {
    "name": "Load Service",
    "start": 1594969366625,
    "end": 1594969366639,
    "duration": 14,
    "pid": 11284,
    "index": 64
  },
  {
    "name": "Load \"service\" to Context",
    "start": 1594969366625,
    "end": 1594969366639,
    "duration": 14,
    "pid": 11284,
    "index": 65
  },
  {
    "name": "Load Middleware",
    "start": 1594969366639,
    "end": 1594969366746,
    "duration": 107,
    "pid": 11284,
    "index": 66
  },
  {
    "name": "Load \"middlewares\" to Application",
    "start": 1594969366639,
    "end": 1594969366734,
    "duration": 95,
    "pid": 11284,
    "index": 67
  },
  {
    "name": "Load Controller",
    "start": 1594969366746,
    "end": 1594969366749,
    "duration": 3,
    "pid": 11284,
    "index": 68
  },
  {
    "name": "Load \"controller\" to Application",
    "start": 1594969366746,
    "end": 1594969366749,
    "duration": 3,
    "pid": 11284,
    "index": 69
  },
  {
    "name": "Load Router",
    "start": 1594969366749,
    "end": 1594969366751,
    "duration": 2,
    "pid": 11284,
    "index": 70
  },
  {
    "name": "Require(51) app/router.js",
    "start": 1594969366750,
    "end": 1594969366750,
    "duration": 0,
    "pid": 11284,
    "index": 71
  },
  {
    "name": "Before Start in node_modules/_egg-core@4.17.4@egg-core/lib/egg.js:303:10",
    "start": 1594969366750,
    "end": 1594969366775,
    "duration": 25,
    "pid": 11284,
    "index": 72
  }
]