[
  {
    "name": "Application Start",
    "start": 1594971415948,
    "end": 1594971416942,
    "duration": 994,
    "pid": 12648,
    "index": 0
  },
  {
    "name": "Load Plugin",
    "start": 1594971415986,
    "end": 1594971416025,
    "duration": 39,
    "pid": 12648,
    "index": 1
  },
  {
    "name": "Load Config",
    "start": 1594971416025,
    "end": 1594971416055,
    "duration": 30,
    "pid": 12648,
    "index": 2
  },
  {
    "name": "Require(0) config/config.default.js",
    "start": 1594971416026,
    "end": 1594971416026,
    "duration": 0,
    "pid": 12648,
    "index": 3
  },
  {
    "name": "Require(1) node_modules/_egg-session@3.2.0@egg-session/config/config.default.js",
    "start": 1594971416029,
    "end": 1594971416029,
    "duration": 0,
    "pid": 12648,
    "index": 4
  },
  {
    "name": "Require(2) node_modules/_egg-security@2.8.0@egg-security/config/config.default.js",
    "start": 1594971416030,
    "end": 1594971416030,
    "duration": 0,
    "pid": 12648,
    "index": 5
  },
  {
    "name": "Require(3) node_modules/_egg-jsonp@2.0.0@egg-jsonp/config/config.default.js",
    "start": 1594971416032,
    "end": 1594971416032,
    "duration": 0,
    "pid": 12648,
    "index": 6
  },
  {
    "name": "Require(4) node_modules/_egg-onerror@2.1.0@egg-onerror/config/config.default.js",
    "start": 1594971416033,
    "end": 1594971416033,
    "duration": 0,
    "pid": 12648,
    "index": 7
  },
  {
    "name": "Require(5) node_modules/_egg-i18n@2.1.1@egg-i18n/config/config.default.js",
    "start": 1594971416034,
    "end": 1594971416035,
    "duration": 1,
    "pid": 12648,
    "index": 8
  },
  {
    "name": "Require(6) node_modules/_egg-watcher@3.1.1@egg-watcher/config/config.default.js",
    "start": 1594971416035,
    "end": 1594971416036,
    "duration": 1,
    "pid": 12648,
    "index": 9
  },
  {
    "name": "Require(7) node_modules/_egg-schedule@3.6.4@egg-schedule/config/config.default.js",
    "start": 1594971416037,
    "end": 1594971416037,
    "duration": 0,
    "pid": 12648,
    "index": 10
  },
  {
    "name": "Require(8) node_modules/_egg-multipart@2.10.3@egg-multipart/config/config.default.js",
    "start": 1594971416038,
    "end": 1594971416038,
    "duration": 0,
    "pid": 12648,
    "index": 11
  },
  {
    "name": "Require(9) node_modules/_egg-development@2.5.0@egg-development/config/config.default.js",
    "start": 1594971416039,
    "end": 1594971416039,
    "duration": 0,
    "pid": 12648,
    "index": 12
  },
  {
    "name": "Require(10) node_modules/_egg-logrotator@3.1.0@egg-logrotator/config/config.default.js",
    "start": 1594971416039,
    "end": 1594971416040,
    "duration": 1,
    "pid": 12648,
    "index": 13
  },
  {
    "name": "Require(11) node_modules/_egg-static@2.2.0@egg-static/config/config.default.js",
    "start": 1594971416040,
    "end": 1594971416041,
    "duration": 1,
    "pid": 12648,
    "index": 14
  },
  {
    "name": "Require(12) node_modules/_egg-view@2.1.2@egg-view/config/config.default.js",
    "start": 1594971416041,
    "end": 1594971416042,
    "duration": 1,
    "pid": 12648,
    "index": 15
  },
  {
    "name": "Require(13) node_modules/_egg-sequelize@5.2.2@egg-sequelize/config/config.default.js",
    "start": 1594971416042,
    "end": 1594971416042,
    "duration": 0,
    "pid": 12648,
    "index": 16
  },
  {
    "name": "Require(14) node_modules/_egg-cors@2.2.3@egg-cors/config/config.default.js",
    "start": 1594971416043,
    "end": 1594971416044,
    "duration": 1,
    "pid": 12648,
    "index": 17
  },
  {
    "name": "Require(15) node_modules/_egg-jwt@3.1.7@egg-jwt/config/config.default.js",
    "start": 1594971416044,
    "end": 1594971416045,
    "duration": 1,
    "pid": 12648,
    "index": 18
  },
  {
    "name": "Require(16) node_modules/_egg@2.27.0@egg/config/config.default.js",
    "start": 1594971416046,
    "end": 1594971416046,
    "duration": 0,
    "pid": 12648,
    "index": 19
  },
  {
    "name": "Require(17) config/config.default.js",
    "start": 1594971416048,
    "end": 1594971416048,
    "duration": 0,
    "pid": 12648,
    "index": 20
  },
  {
    "name": "Require(18) node_modules/_egg-security@2.8.0@egg-security/config/config.local.js",
    "start": 1594971416049,
    "end": 1594971416049,
    "duration": 0,
    "pid": 12648,
    "index": 21
  },
  {
    "name": "Require(19) node_modules/_egg-watcher@3.1.1@egg-watcher/config/config.local.js",
    "start": 1594971416050,
    "end": 1594971416051,
    "duration": 1,
    "pid": 12648,
    "index": 22
  },
  {
    "name": "Require(20) node_modules/_egg-view@2.1.2@egg-view/config/config.local.js",
    "start": 1594971416053,
    "end": 1594971416053,
    "duration": 0,
    "pid": 12648,
    "index": 23
  },
  {
    "name": "Require(21) node_modules/_egg@2.27.0@egg/config/config.local.js",
    "start": 1594971416054,
    "end": 1594971416054,
    "duration": 0,
    "pid": 12648,
    "index": 24
  },
  {
    "name": "Load extend/application.js",
    "start": 1594971416056,
    "end": 1594971416152,
    "duration": 96,
    "pid": 12648,
    "index": 25
  },
  {
    "name": "Require(22) node_modules/_egg-session@3.2.0@egg-session/app/extend/application.js",
    "start": 1594971416057,
    "end": 1594971416057,
    "duration": 0,
    "pid": 12648,
    "index": 26
  },
  {
    "name": "Require(23) node_modules/_egg-security@2.8.0@egg-security/app/extend/application.js",
    "start": 1594971416058,
    "end": 1594971416059,
    "duration": 1,
    "pid": 12648,
    "index": 27
  },
  {
    "name": "Require(24) node_modules/_egg-jsonp@2.0.0@egg-jsonp/app/extend/application.js",
    "start": 1594971416060,
    "end": 1594971416064,
    "duration": 4,
    "pid": 12648,
    "index": 28
  },
  {
    "name": "Require(25) node_modules/_egg-logrotator@3.1.0@egg-logrotator/app/extend/application.js",
    "start": 1594971416066,
    "end": 1594971416070,
    "duration": 4,
    "pid": 12648,
    "index": 29
  },
  {
    "name": "Require(26) node_modules/_egg-view@2.1.2@egg-view/app/extend/application.js",
    "start": 1594971416070,
    "end": 1594971416074,
    "duration": 4,
    "pid": 12648,
    "index": 30
  },
  {
    "name": "Require(27) node_modules/_egg-jwt@3.1.7@egg-jwt/app/extend/application.js",
    "start": 1594971416075,
    "end": 1594971416148,
    "duration": 73,
    "pid": 12648,
    "index": 31
  },
  {
    "name": "Load extend/request.js",
    "start": 1594971416152,
    "end": 1594971416161,
    "duration": 9,
    "pid": 12648,
    "index": 32
  },
  {
    "name": "Require(28) node_modules/_egg@2.27.0@egg/app/extend/request.js",
    "start": 1594971416156,
    "end": 1594971416158,
    "duration": 2,
    "pid": 12648,
    "index": 33
  },
  {
    "name": "Load extend/response.js",
    "start": 1594971416161,
    "end": 1594971416170,
    "duration": 9,
    "pid": 12648,
    "index": 34
  },
  {
    "name": "Require(29) node_modules/_egg@2.27.0@egg/app/extend/response.js",
    "start": 1594971416164,
    "end": 1594971416167,
    "duration": 3,
    "pid": 12648,
    "index": 35
  },
  {
    "name": "Load extend/context.js",
    "start": 1594971416170,
    "end": 1594971416248,
    "duration": 78,
    "pid": 12648,
    "index": 36
  },
  {
    "name": "Require(30) node_modules/_egg-security@2.8.0@egg-security/app/extend/context.js",
    "start": 1594971416171,
    "end": 1594971416187,
    "duration": 16,
    "pid": 12648,
    "index": 37
  },
  {
    "name": "Require(31) node_modules/_egg-jsonp@2.0.0@egg-jsonp/app/extend/context.js",
    "start": 1594971416187,
    "end": 1594971416189,
    "duration": 2,
    "pid": 12648,
    "index": 38
  },
  {
    "name": "Require(32) node_modules/_egg-i18n@2.1.1@egg-i18n/app/extend/context.js",
    "start": 1594971416189,
    "end": 1594971416190,
    "duration": 1,
    "pid": 12648,
    "index": 39
  },
  {
    "name": "Require(33) node_modules/_egg-multipart@2.10.3@egg-multipart/app/extend/context.js",
    "start": 1594971416191,
    "end": 1594971416241,
    "duration": 50,
    "pid": 12648,
    "index": 40
  },
  {
    "name": "Require(34) node_modules/_egg-view@2.1.2@egg-view/app/extend/context.js",
    "start": 1594971416241,
    "end": 1594971416242,
    "duration": 1,
    "pid": 12648,
    "index": 41
  },
  {
    "name": "Require(35) node_modules/_egg@2.27.0@egg/app/extend/context.js",
    "start": 1594971416243,
    "end": 1594971416245,
    "duration": 2,
    "pid": 12648,
    "index": 42
  },
  {
    "name": "Load extend/helper.js",
    "start": 1594971416248,
    "end": 1594971416272,
    "duration": 24,
    "pid": 12648,
    "index": 43
  },
  {
    "name": "Require(36) node_modules/_egg-security@2.8.0@egg-security/app/extend/helper.js",
    "start": 1594971416249,
    "end": 1594971416266,
    "duration": 17,
    "pid": 12648,
    "index": 44
  },
  {
    "name": "Require(37) node_modules/_egg@2.27.0@egg/app/extend/helper.js",
    "start": 1594971416268,
    "end": 1594971416268,
    "duration": 0,
    "pid": 12648,
    "index": 45
  },
  {
    "name": "Load app.js",
    "start": 1594971416272,
    "end": 1594971416312,
    "duration": 40,
    "pid": 12648,
    "index": 46
  },
  {
    "name": "Require(38) node_modules/_egg-session@3.2.0@egg-session/app.js",
    "start": 1594971416272,
    "end": 1594971416273,
    "duration": 1,
    "pid": 12648,
    "index": 47
  },
  {
    "name": "Require(39) node_modules/_egg-security@2.8.0@egg-security/app.js",
    "start": 1594971416273,
    "end": 1594971416275,
    "duration": 2,
    "pid": 12648,
    "index": 48
  },
  {
    "name": "Require(40) node_modules/_egg-onerror@2.1.0@egg-onerror/app.js",
    "start": 1594971416276,
    "end": 1594971416287,
    "duration": 11,
    "pid": 12648,
    "index": 49
  },
  {
    "name": "Require(41) node_modules/_egg-i18n@2.1.1@egg-i18n/app.js",
    "start": 1594971416287,
    "end": 1594971416296,
    "duration": 9,
    "pid": 12648,
    "index": 50
  },
  {
    "name": "Require(42) node_modules/_egg-watcher@3.1.1@egg-watcher/app.js",
    "start": 1594971416297,
    "end": 1594971416301,
    "duration": 4,
    "pid": 12648,
    "index": 51
  },
  {
    "name": "Require(43) node_modules/_egg-schedule@3.6.4@egg-schedule/app.js",
    "start": 1594971416302,
    "end": 1594971416304,
    "duration": 2,
    "pid": 12648,
    "index": 52
  },
  {
    "name": "Require(44) node_modules/_egg-multipart@2.10.3@egg-multipart/app.js",
    "start": 1594971416304,
    "end": 1594971416305,
    "duration": 1,
    "pid": 12648,
    "index": 53
  },
  {
    "name": "Require(45) node_modules/_egg-development@2.5.0@egg-development/app.js",
    "start": 1594971416305,
    "end": 1594971416308,
    "duration": 3,
    "pid": 12648,
    "index": 54
  },
  {
    "name": "Require(46) node_modules/_egg-logrotator@3.1.0@egg-logrotator/app.js",
    "start": 1594971416308,
    "end": 1594971416308,
    "duration": 0,
    "pid": 12648,
    "index": 55
  },
  {
    "name": "Require(47) node_modules/_egg-static@2.2.0@egg-static/app.js",
    "start": 1594971416309,
    "end": 1594971416309,
    "duration": 0,
    "pid": 12648,
    "index": 56
  },
  {
    "name": "Require(48) node_modules/_egg-sequelize@5.2.2@egg-sequelize/app.js",
    "start": 1594971416310,
    "end": 1594971416310,
    "duration": 0,
    "pid": 12648,
    "index": 57
  },
  {
    "name": "Require(49) node_modules/_egg-cors@2.2.3@egg-cors/app.js",
    "start": 1594971416310,
    "end": 1594971416310,
    "duration": 0,
    "pid": 12648,
    "index": 58
  },
  {
    "name": "Require(50) node_modules/_egg-jwt@3.1.7@egg-jwt/app.js",
    "start": 1594971416311,
    "end": 1594971416311,
    "duration": 0,
    "pid": 12648,
    "index": 59
  },
  {
    "name": "Before Start in node_modules/_egg-watcher@3.1.1@egg-watcher/lib/init.js:15:14",
    "start": 1594971416322,
    "end": 1594971416837,
    "duration": 515,
    "pid": 12648,
    "index": 60
  },
  {
    "name": "Load \"Symbol(crm)\" to Application",
    "start": 1594971416655,
    "end": 1594971416665,
    "duration": 10,
    "pid": 12648,
    "index": 61
  },
  {
    "name": "Load \"Symbol(road)\" to Application",
    "start": 1594971416665,
    "end": 1594971416674,
    "duration": 9,
    "pid": 12648,
    "index": 62
  },
  {
    "name": "Before Start in node_modules/_egg-sequelize@5.2.2@egg-sequelize/lib/loader.js:39:7",
    "start": 1594971416674,
    "end": 1594971416941,
    "duration": 267,
    "pid": 12648,
    "index": 63
  },
  {
    "name": "Load Service",
    "start": 1594971416675,
    "end": 1594971416689,
    "duration": 14,
    "pid": 12648,
    "index": 64
  },
  {
    "name": "Load \"service\" to Context",
    "start": 1594971416675,
    "end": 1594971416689,
    "duration": 14,
    "pid": 12648,
    "index": 65
  },
  {
    "name": "Load Middleware",
    "start": 1594971416689,
    "end": 1594971416801,
    "duration": 112,
    "pid": 12648,
    "index": 66
  },
  {
    "name": "Load \"middlewares\" to Application",
    "start": 1594971416689,
    "end": 1594971416790,
    "duration": 101,
    "pid": 12648,
    "index": 67
  },
  {
    "name": "Load Controller",
    "start": 1594971416801,
    "end": 1594971416805,
    "duration": 4,
    "pid": 12648,
    "index": 68
  },
  {
    "name": "Load \"controller\" to Application",
    "start": 1594971416801,
    "end": 1594971416805,
    "duration": 4,
    "pid": 12648,
    "index": 69
  },
  {
    "name": "Load Router",
    "start": 1594971416806,
    "end": 1594971416809,
    "duration": 3,
    "pid": 12648,
    "index": 70
  },
  {
    "name": "Require(51) app/router.js",
    "start": 1594971416806,
    "end": 1594971416807,
    "duration": 1,
    "pid": 12648,
    "index": 71
  },
  {
    "name": "Before Start in node_modules/_egg-core@4.17.4@egg-core/lib/egg.js:303:10",
    "start": 1594971416807,
    "end": 1594971416825,
    "duration": 18,
    "pid": 12648,
    "index": 72
  }
]