[
  {
    "name": "Application Start",
    "start": 1594970560472,
    "end": 1594970561404,
    "duration": 932,
    "pid": 8400,
    "index": 0
  },
  {
    "name": "Load Plugin",
    "start": 1594970560476,
    "end": 1594970560501,
    "duration": 25,
    "pid": 8400,
    "index": 1
  },
  {
    "name": "Load Config",
    "start": 1594970560501,
    "end": 1594970560524,
    "duration": 23,
    "pid": 8400,
    "index": 2
  },
  {
    "name": "Require(0) config/config.default.js",
    "start": 1594970560502,
    "end": 1594970560502,
    "duration": 0,
    "pid": 8400,
    "index": 3
  },
  {
    "name": "Require(1) node_modules/_egg-session@3.2.0@egg-session/config/config.default.js",
    "start": 1594970560504,
    "end": 1594970560505,
    "duration": 1,
    "pid": 8400,
    "index": 4
  },
  {
    "name": "Require(2) node_modules/_egg-security@2.8.0@egg-security/config/config.default.js",
    "start": 1594970560505,
    "end": 1594970560505,
    "duration": 0,
    "pid": 8400,
    "index": 5
  },
  {
    "name": "Require(3) node_modules/_egg-jsonp@2.0.0@egg-jsonp/config/config.default.js",
    "start": 1594970560506,
    "end": 1594970560507,
    "duration": 1,
    "pid": 8400,
    "index": 6
  },
  {
    "name": "Require(4) node_modules/_egg-onerror@2.1.0@egg-onerror/config/config.default.js",
    "start": 1594970560507,
    "end": 1594970560508,
    "duration": 1,
    "pid": 8400,
    "index": 7
  },
  {
    "name": "Require(5) node_modules/_egg-i18n@2.1.1@egg-i18n/config/config.default.js",
    "start": 1594970560508,
    "end": 1594970560509,
    "duration": 1,
    "pid": 8400,
    "index": 8
  },
  {
    "name": "Require(6) node_modules/_egg-watcher@3.1.1@egg-watcher/config/config.default.js",
    "start": 1594970560509,
    "end": 1594970560510,
    "duration": 1,
    "pid": 8400,
    "index": 9
  },
  {
    "name": "Require(7) node_modules/_egg-schedule@3.6.4@egg-schedule/config/config.default.js",
    "start": 1594970560510,
    "end": 1594970560510,
    "duration": 0,
    "pid": 8400,
    "index": 10
  },
  {
    "name": "Require(8) node_modules/_egg-multipart@2.10.3@egg-multipart/config/config.default.js",
    "start": 1594970560511,
    "end": 1594970560512,
    "duration": 1,
    "pid": 8400,
    "index": 11
  },
  {
    "name": "Require(9) node_modules/_egg-development@2.5.0@egg-development/config/config.default.js",
    "start": 1594970560512,
    "end": 1594970560512,
    "duration": 0,
    "pid": 8400,
    "index": 12
  },
  {
    "name": "Require(10) node_modules/_egg-logrotator@3.1.0@egg-logrotator/config/config.default.js",
    "start": 1594970560513,
    "end": 1594970560513,
    "duration": 0,
    "pid": 8400,
    "index": 13
  },
  {
    "name": "Require(11) node_modules/_egg-static@2.2.0@egg-static/config/config.default.js",
    "start": 1594970560514,
    "end": 1594970560514,
    "duration": 0,
    "pid": 8400,
    "index": 14
  },
  {
    "name": "Require(12) node_modules/_egg-view@2.1.2@egg-view/config/config.default.js",
    "start": 1594970560515,
    "end": 1594970560515,
    "duration": 0,
    "pid": 8400,
    "index": 15
  },
  {
    "name": "Require(13) node_modules/_egg-sequelize@5.2.2@egg-sequelize/config/config.default.js",
    "start": 1594970560515,
    "end": 1594970560516,
    "duration": 1,
    "pid": 8400,
    "index": 16
  },
  {
    "name": "Require(14) node_modules/_egg-cors@2.2.3@egg-cors/config/config.default.js",
    "start": 1594970560516,
    "end": 1594970560517,
    "duration": 1,
    "pid": 8400,
    "index": 17
  },
  {
    "name": "Require(15) node_modules/_egg-jwt@3.1.7@egg-jwt/config/config.default.js",
    "start": 1594970560517,
    "end": 1594970560517,
    "duration": 0,
    "pid": 8400,
    "index": 18
  },
  {
    "name": "Require(16) node_modules/_egg@2.27.0@egg/config/config.default.js",
    "start": 1594970560518,
    "end": 1594970560518,
    "duration": 0,
    "pid": 8400,
    "index": 19
  },
  {
    "name": "Require(17) config/config.default.js",
    "start": 1594970560519,
    "end": 1594970560519,
    "duration": 0,
    "pid": 8400,
    "index": 20
  },
  {
    "name": "Require(18) node_modules/_egg-security@2.8.0@egg-security/config/config.local.js",
    "start": 1594970560520,
    "end": 1594970560520,
    "duration": 0,
    "pid": 8400,
    "index": 21
  },
  {
    "name": "Require(19) node_modules/_egg-watcher@3.1.1@egg-watcher/config/config.local.js",
    "start": 1594970560521,
    "end": 1594970560521,
    "duration": 0,
    "pid": 8400,
    "index": 22
  },
  {
    "name": "Require(20) node_modules/_egg-view@2.1.2@egg-view/config/config.local.js",
    "start": 1594970560523,
    "end": 1594970560523,
    "duration": 0,
    "pid": 8400,
    "index": 23
  },
  {
    "name": "Require(21) node_modules/_egg@2.27.0@egg/config/config.local.js",
    "start": 1594970560524,
    "end": 1594970560524,
    "duration": 0,
    "pid": 8400,
    "index": 24
  },
  {
    "name": "Load extend/application.js",
    "start": 1594970560525,
    "end": 1594970560596,
    "duration": 71,
    "pid": 8400,
    "index": 25
  },
  {
    "name": "Require(22) node_modules/_egg-session@3.2.0@egg-session/app/extend/application.js",
    "start": 1594970560525,
    "end": 1594970560526,
    "duration": 1,
    "pid": 8400,
    "index": 26
  },
  {
    "name": "Require(23) node_modules/_egg-security@2.8.0@egg-security/app/extend/application.js",
    "start": 1594970560526,
    "end": 1594970560527,
    "duration": 1,
    "pid": 8400,
    "index": 27
  },
  {
    "name": "Require(24) node_modules/_egg-jsonp@2.0.0@egg-jsonp/app/extend/application.js",
    "start": 1594970560528,
    "end": 1594970560530,
    "duration": 2,
    "pid": 8400,
    "index": 28
  },
  {
    "name": "Require(25) node_modules/_egg-logrotator@3.1.0@egg-logrotator/app/extend/application.js",
    "start": 1594970560532,
    "end": 1594970560536,
    "duration": 4,
    "pid": 8400,
    "index": 29
  },
  {
    "name": "Require(26) node_modules/_egg-view@2.1.2@egg-view/app/extend/application.js",
    "start": 1594970560536,
    "end": 1594970560539,
    "duration": 3,
    "pid": 8400,
    "index": 30
  },
  {
    "name": "Require(27) node_modules/_egg-jwt@3.1.7@egg-jwt/app/extend/application.js",
    "start": 1594970560539,
    "end": 1594970560592,
    "duration": 53,
    "pid": 8400,
    "index": 31
  },
  {
    "name": "Load extend/request.js",
    "start": 1594970560596,
    "end": 1594970560605,
    "duration": 9,
    "pid": 8400,
    "index": 32
  },
  {
    "name": "Require(28) node_modules/_egg@2.27.0@egg/app/extend/request.js",
    "start": 1594970560599,
    "end": 1594970560601,
    "duration": 2,
    "pid": 8400,
    "index": 33
  },
  {
    "name": "Load extend/response.js",
    "start": 1594970560605,
    "end": 1594970560614,
    "duration": 9,
    "pid": 8400,
    "index": 34
  },
  {
    "name": "Require(29) node_modules/_egg@2.27.0@egg/app/extend/response.js",
    "start": 1594970560608,
    "end": 1594970560610,
    "duration": 2,
    "pid": 8400,
    "index": 35
  },
  {
    "name": "Load extend/context.js",
    "start": 1594970560614,
    "end": 1594970560693,
    "duration": 79,
    "pid": 8400,
    "index": 36
  },
  {
    "name": "Require(30) node_modules/_egg-security@2.8.0@egg-security/app/extend/context.js",
    "start": 1594970560614,
    "end": 1594970560630,
    "duration": 16,
    "pid": 8400,
    "index": 37
  },
  {
    "name": "Require(31) node_modules/_egg-jsonp@2.0.0@egg-jsonp/app/extend/context.js",
    "start": 1594970560631,
    "end": 1594970560632,
    "duration": 1,
    "pid": 8400,
    "index": 38
  },
  {
    "name": "Require(32) node_modules/_egg-i18n@2.1.1@egg-i18n/app/extend/context.js",
    "start": 1594970560633,
    "end": 1594970560633,
    "duration": 0,
    "pid": 8400,
    "index": 39
  },
  {
    "name": "Require(33) node_modules/_egg-multipart@2.10.3@egg-multipart/app/extend/context.js",
    "start": 1594970560634,
    "end": 1594970560685,
    "duration": 51,
    "pid": 8400,
    "index": 40
  },
  {
    "name": "Require(34) node_modules/_egg-view@2.1.2@egg-view/app/extend/context.js",
    "start": 1594970560686,
    "end": 1594970560687,
    "duration": 1,
    "pid": 8400,
    "index": 41
  },
  {
    "name": "Require(35) node_modules/_egg@2.27.0@egg/app/extend/context.js",
    "start": 1594970560687,
    "end": 1594970560689,
    "duration": 2,
    "pid": 8400,
    "index": 42
  },
  {
    "name": "Load extend/helper.js",
    "start": 1594970560693,
    "end": 1594970560716,
    "duration": 23,
    "pid": 8400,
    "index": 43
  },
  {
    "name": "Require(36) node_modules/_egg-security@2.8.0@egg-security/app/extend/helper.js",
    "start": 1594970560694,
    "end": 1594970560710,
    "duration": 16,
    "pid": 8400,
    "index": 44
  },
  {
    "name": "Require(37) node_modules/_egg@2.27.0@egg/app/extend/helper.js",
    "start": 1594970560713,
    "end": 1594970560713,
    "duration": 0,
    "pid": 8400,
    "index": 45
  },
  {
    "name": "Load app.js",
    "start": 1594970560717,
    "end": 1594970560757,
    "duration": 40,
    "pid": 8400,
    "index": 46
  },
  {
    "name": "Require(38) node_modules/_egg-session@3.2.0@egg-session/app.js",
    "start": 1594970560717,
    "end": 1594970560717,
    "duration": 0,
    "pid": 8400,
    "index": 47
  },
  {
    "name": "Require(39) node_modules/_egg-security@2.8.0@egg-security/app.js",
    "start": 1594970560718,
    "end": 1594970560720,
    "duration": 2,
    "pid": 8400,
    "index": 48
  },
  {
    "name": "Require(40) node_modules/_egg-onerror@2.1.0@egg-onerror/app.js",
    "start": 1594970560720,
    "end": 1594970560732,
    "duration": 12,
    "pid": 8400,
    "index": 49
  },
  {
    "name": "Require(41) node_modules/_egg-i18n@2.1.1@egg-i18n/app.js",
    "start": 1594970560732,
    "end": 1594970560742,
    "duration": 10,
    "pid": 8400,
    "index": 50
  },
  {
    "name": "Require(42) node_modules/_egg-watcher@3.1.1@egg-watcher/app.js",
    "start": 1594970560742,
    "end": 1594970560746,
    "duration": 4,
    "pid": 8400,
    "index": 51
  },
  {
    "name": "Require(43) node_modules/_egg-schedule@3.6.4@egg-schedule/app.js",
    "start": 1594970560747,
    "end": 1594970560749,
    "duration": 2,
    "pid": 8400,
    "index": 52
  },
  {
    "name": "Require(44) node_modules/_egg-multipart@2.10.3@egg-multipart/app.js",
    "start": 1594970560750,
    "end": 1594970560750,
    "duration": 0,
    "pid": 8400,
    "index": 53
  },
  {
    "name": "Require(45) node_modules/_egg-development@2.5.0@egg-development/app.js",
    "start": 1594970560750,
    "end": 1594970560753,
    "duration": 3,
    "pid": 8400,
    "index": 54
  },
  {
    "name": "Require(46) node_modules/_egg-logrotator@3.1.0@egg-logrotator/app.js",
    "start": 1594970560753,
    "end": 1594970560754,
    "duration": 1,
    "pid": 8400,
    "index": 55
  },
  {
    "name": "Require(47) node_modules/_egg-static@2.2.0@egg-static/app.js",
    "start": 1594970560754,
    "end": 1594970560754,
    "duration": 0,
    "pid": 8400,
    "index": 56
  },
  {
    "name": "Require(48) node_modules/_egg-sequelize@5.2.2@egg-sequelize/app.js",
    "start": 1594970560755,
    "end": 1594970560755,
    "duration": 0,
    "pid": 8400,
    "index": 57
  },
  {
    "name": "Require(49) node_modules/_egg-cors@2.2.3@egg-cors/app.js",
    "start": 1594970560755,
    "end": 1594970560756,
    "duration": 1,
    "pid": 8400,
    "index": 58
  },
  {
    "name": "Require(50) node_modules/_egg-jwt@3.1.7@egg-jwt/app.js",
    "start": 1594970560756,
    "end": 1594970560756,
    "duration": 0,
    "pid": 8400,
    "index": 59
  },
  {
    "name": "Before Start in node_modules/_egg-watcher@3.1.1@egg-watcher/lib/init.js:15:14",
    "start": 1594970560768,
    "end": 1594970561315,
    "duration": 547,
    "pid": 8400,
    "index": 60
  },
  {
    "name": "Load \"Symbol(crm)\" to Application",
    "start": 1594970561146,
    "end": 1594970561154,
    "duration": 8,
    "pid": 8400,
    "index": 61
  },
  {
    "name": "Load \"Symbol(road)\" to Application",
    "start": 1594970561154,
    "end": 1594970561161,
    "duration": 7,
    "pid": 8400,
    "index": 62
  },
  {
    "name": "Before Start in node_modules/_egg-sequelize@5.2.2@egg-sequelize/lib/loader.js:39:7",
    "start": 1594970561161,
    "end": 1594970561403,
    "duration": 242,
    "pid": 8400,
    "index": 63
  },
  {
    "name": "Load Service",
    "start": 1594970561162,
    "end": 1594970561176,
    "duration": 14,
    "pid": 8400,
    "index": 64
  },
  {
    "name": "Load \"service\" to Context",
    "start": 1594970561162,
    "end": 1594970561176,
    "duration": 14,
    "pid": 8400,
    "index": 65
  },
  {
    "name": "Load Middleware",
    "start": 1594970561176,
    "end": 1594970561279,
    "duration": 103,
    "pid": 8400,
    "index": 66
  },
  {
    "name": "Load \"middlewares\" to Application",
    "start": 1594970561176,
    "end": 1594970561267,
    "duration": 91,
    "pid": 8400,
    "index": 67
  },
  {
    "name": "Load Controller",
    "start": 1594970561279,
    "end": 1594970561283,
    "duration": 4,
    "pid": 8400,
    "index": 68
  },
  {
    "name": "Load \"controller\" to Application",
    "start": 1594970561279,
    "end": 1594970561283,
    "duration": 4,
    "pid": 8400,
    "index": 69
  },
  {
    "name": "Load Router",
    "start": 1594970561283,
    "end": 1594970561285,
    "duration": 2,
    "pid": 8400,
    "index": 70
  },
  {
    "name": "Require(51) app/router.js",
    "start": 1594970561283,
    "end": 1594970561283,
    "duration": 0,
    "pid": 8400,
    "index": 71
  },
  {
    "name": "Before Start in node_modules/_egg-core@4.17.4@egg-core/lib/egg.js:303:10",
    "start": 1594970561284,
    "end": 1594970561301,
    "duration": 17,
    "pid": 8400,
    "index": 72
  }
]