[
  {
    "name": "Application Start",
    "start": 1594969493659,
    "end": 1594969494557,
    "duration": 898,
    "pid": 10580,
    "index": 0
  },
  {
    "name": "Load Plugin",
    "start": 1594969493663,
    "end": 1594969493690,
    "duration": 27,
    "pid": 10580,
    "index": 1
  },
  {
    "name": "Load Config",
    "start": 1594969493690,
    "end": 1594969493712,
    "duration": 22,
    "pid": 10580,
    "index": 2
  },
  {
    "name": "Require(0) config/config.default.js",
    "start": 1594969493691,
    "end": 1594969493691,
    "duration": 0,
    "pid": 10580,
    "index": 3
  },
  {
    "name": "Require(1) node_modules/_egg-session@3.2.0@egg-session/config/config.default.js",
    "start": 1594969493693,
    "end": 1594969493693,
    "duration": 0,
    "pid": 10580,
    "index": 4
  },
  {
    "name": "Require(2) node_modules/_egg-security@2.8.0@egg-security/config/config.default.js",
    "start": 1594969493694,
    "end": 1594969493694,
    "duration": 0,
    "pid": 10580,
    "index": 5
  },
  {
    "name": "Require(3) node_modules/_egg-jsonp@2.0.0@egg-jsonp/config/config.default.js",
    "start": 1594969493695,
    "end": 1594969493695,
    "duration": 0,
    "pid": 10580,
    "index": 6
  },
  {
    "name": "Require(4) node_modules/_egg-onerror@2.1.0@egg-onerror/config/config.default.js",
    "start": 1594969493696,
    "end": 1594969493696,
    "duration": 0,
    "pid": 10580,
    "index": 7
  },
  {
    "name": "Require(5) node_modules/_egg-i18n@2.1.1@egg-i18n/config/config.default.js",
    "start": 1594969493697,
    "end": 1594969493697,
    "duration": 0,
    "pid": 10580,
    "index": 8
  },
  {
    "name": "Require(6) node_modules/_egg-watcher@3.1.1@egg-watcher/config/config.default.js",
    "start": 1594969493698,
    "end": 1594969493698,
    "duration": 0,
    "pid": 10580,
    "index": 9
  },
  {
    "name": "Require(7) node_modules/_egg-schedule@3.6.4@egg-schedule/config/config.default.js",
    "start": 1594969493698,
    "end": 1594969493699,
    "duration": 1,
    "pid": 10580,
    "index": 10
  },
  {
    "name": "Require(8) node_modules/_egg-multipart@2.10.3@egg-multipart/config/config.default.js",
    "start": 1594969493699,
    "end": 1594969493700,
    "duration": 1,
    "pid": 10580,
    "index": 11
  },
  {
    "name": "Require(9) node_modules/_egg-development@2.5.0@egg-development/config/config.default.js",
    "start": 1594969493700,
    "end": 1594969493701,
    "duration": 1,
    "pid": 10580,
    "index": 12
  },
  {
    "name": "Require(10) node_modules/_egg-logrotator@3.1.0@egg-logrotator/config/config.default.js",
    "start": 1594969493701,
    "end": 1594969493702,
    "duration": 1,
    "pid": 10580,
    "index": 13
  },
  {
    "name": "Require(11) node_modules/_egg-static@2.2.0@egg-static/config/config.default.js",
    "start": 1594969493702,
    "end": 1594969493702,
    "duration": 0,
    "pid": 10580,
    "index": 14
  },
  {
    "name": "Require(12) node_modules/_egg-view@2.1.2@egg-view/config/config.default.js",
    "start": 1594969493703,
    "end": 1594969493703,
    "duration": 0,
    "pid": 10580,
    "index": 15
  },
  {
    "name": "Require(13) node_modules/_egg-sequelize@5.2.2@egg-sequelize/config/config.default.js",
    "start": 1594969493704,
    "end": 1594969493704,
    "duration": 0,
    "pid": 10580,
    "index": 16
  },
  {
    "name": "Require(14) node_modules/_egg-cors@2.2.3@egg-cors/config/config.default.js",
    "start": 1594969493705,
    "end": 1594969493705,
    "duration": 0,
    "pid": 10580,
    "index": 17
  },
  {
    "name": "Require(15) node_modules/_egg-jwt@3.1.7@egg-jwt/config/config.default.js",
    "start": 1594969493705,
    "end": 1594969493706,
    "duration": 1,
    "pid": 10580,
    "index": 18
  },
  {
    "name": "Require(16) node_modules/_egg@2.27.0@egg/config/config.default.js",
    "start": 1594969493706,
    "end": 1594969493706,
    "duration": 0,
    "pid": 10580,
    "index": 19
  },
  {
    "name": "Require(17) config/config.default.js",
    "start": 1594969493708,
    "end": 1594969493708,
    "duration": 0,
    "pid": 10580,
    "index": 20
  },
  {
    "name": "Require(18) node_modules/_egg-security@2.8.0@egg-security/config/config.local.js",
    "start": 1594969493708,
    "end": 1594969493709,
    "duration": 1,
    "pid": 10580,
    "index": 21
  },
  {
    "name": "Require(19) node_modules/_egg-watcher@3.1.1@egg-watcher/config/config.local.js",
    "start": 1594969493709,
    "end": 1594969493710,
    "duration": 1,
    "pid": 10580,
    "index": 22
  },
  {
    "name": "Require(20) node_modules/_egg-view@2.1.2@egg-view/config/config.local.js",
    "start": 1594969493711,
    "end": 1594969493711,
    "duration": 0,
    "pid": 10580,
    "index": 23
  },
  {
    "name": "Require(21) node_modules/_egg@2.27.0@egg/config/config.local.js",
    "start": 1594969493712,
    "end": 1594969493712,
    "duration": 0,
    "pid": 10580,
    "index": 24
  },
  {
    "name": "Load extend/application.js",
    "start": 1594969493713,
    "end": 1594969493789,
    "duration": 76,
    "pid": 10580,
    "index": 25
  },
  {
    "name": "Require(22) node_modules/_egg-session@3.2.0@egg-session/app/extend/application.js",
    "start": 1594969493714,
    "end": 1594969493714,
    "duration": 0,
    "pid": 10580,
    "index": 26
  },
  {
    "name": "Require(23) node_modules/_egg-security@2.8.0@egg-security/app/extend/application.js",
    "start": 1594969493715,
    "end": 1594969493716,
    "duration": 1,
    "pid": 10580,
    "index": 27
  },
  {
    "name": "Require(24) node_modules/_egg-jsonp@2.0.0@egg-jsonp/app/extend/application.js",
    "start": 1594969493716,
    "end": 1594969493719,
    "duration": 3,
    "pid": 10580,
    "index": 28
  },
  {
    "name": "Require(25) node_modules/_egg-logrotator@3.1.0@egg-logrotator/app/extend/application.js",
    "start": 1594969493720,
    "end": 1594969493724,
    "duration": 4,
    "pid": 10580,
    "index": 29
  },
  {
    "name": "Require(26) node_modules/_egg-view@2.1.2@egg-view/app/extend/application.js",
    "start": 1594969493724,
    "end": 1594969493726,
    "duration": 2,
    "pid": 10580,
    "index": 30
  },
  {
    "name": "Require(27) node_modules/_egg-jwt@3.1.7@egg-jwt/app/extend/application.js",
    "start": 1594969493727,
    "end": 1594969493785,
    "duration": 58,
    "pid": 10580,
    "index": 31
  },
  {
    "name": "Load extend/request.js",
    "start": 1594969493789,
    "end": 1594969493798,
    "duration": 9,
    "pid": 10580,
    "index": 32
  },
  {
    "name": "Require(28) node_modules/_egg@2.27.0@egg/app/extend/request.js",
    "start": 1594969493793,
    "end": 1594969493795,
    "duration": 2,
    "pid": 10580,
    "index": 33
  },
  {
    "name": "Load extend/response.js",
    "start": 1594969493798,
    "end": 1594969493808,
    "duration": 10,
    "pid": 10580,
    "index": 34
  },
  {
    "name": "Require(29) node_modules/_egg@2.27.0@egg/app/extend/response.js",
    "start": 1594969493801,
    "end": 1594969493804,
    "duration": 3,
    "pid": 10580,
    "index": 35
  },
  {
    "name": "Load extend/context.js",
    "start": 1594969493808,
    "end": 1594969493886,
    "duration": 78,
    "pid": 10580,
    "index": 36
  },
  {
    "name": "Require(30) node_modules/_egg-security@2.8.0@egg-security/app/extend/context.js",
    "start": 1594969493809,
    "end": 1594969493825,
    "duration": 16,
    "pid": 10580,
    "index": 37
  },
  {
    "name": "Require(31) node_modules/_egg-jsonp@2.0.0@egg-jsonp/app/extend/context.js",
    "start": 1594969493825,
    "end": 1594969493827,
    "duration": 2,
    "pid": 10580,
    "index": 38
  },
  {
    "name": "Require(32) node_modules/_egg-i18n@2.1.1@egg-i18n/app/extend/context.js",
    "start": 1594969493828,
    "end": 1594969493828,
    "duration": 0,
    "pid": 10580,
    "index": 39
  },
  {
    "name": "Require(33) node_modules/_egg-multipart@2.10.3@egg-multipart/app/extend/context.js",
    "start": 1594969493829,
    "end": 1594969493878,
    "duration": 49,
    "pid": 10580,
    "index": 40
  },
  {
    "name": "Require(34) node_modules/_egg-view@2.1.2@egg-view/app/extend/context.js",
    "start": 1594969493879,
    "end": 1594969493880,
    "duration": 1,
    "pid": 10580,
    "index": 41
  },
  {
    "name": "Require(35) node_modules/_egg@2.27.0@egg/app/extend/context.js",
    "start": 1594969493881,
    "end": 1594969493883,
    "duration": 2,
    "pid": 10580,
    "index": 42
  },
  {
    "name": "Load extend/helper.js",
    "start": 1594969493886,
    "end": 1594969493910,
    "duration": 24,
    "pid": 10580,
    "index": 43
  },
  {
    "name": "Require(36) node_modules/_egg-security@2.8.0@egg-security/app/extend/helper.js",
    "start": 1594969493887,
    "end": 1594969493903,
    "duration": 16,
    "pid": 10580,
    "index": 44
  },
  {
    "name": "Require(37) node_modules/_egg@2.27.0@egg/app/extend/helper.js",
    "start": 1594969493906,
    "end": 1594969493906,
    "duration": 0,
    "pid": 10580,
    "index": 45
  },
  {
    "name": "Load app.js",
    "start": 1594969493910,
    "end": 1594969493949,
    "duration": 39,
    "pid": 10580,
    "index": 46
  },
  {
    "name": "Require(38) node_modules/_egg-session@3.2.0@egg-session/app.js",
    "start": 1594969493910,
    "end": 1594969493911,
    "duration": 1,
    "pid": 10580,
    "index": 47
  },
  {
    "name": "Require(39) node_modules/_egg-security@2.8.0@egg-security/app.js",
    "start": 1594969493911,
    "end": 1594969493913,
    "duration": 2,
    "pid": 10580,
    "index": 48
  },
  {
    "name": "Require(40) node_modules/_egg-onerror@2.1.0@egg-onerror/app.js",
    "start": 1594969493914,
    "end": 1594969493926,
    "duration": 12,
    "pid": 10580,
    "index": 49
  },
  {
    "name": "Require(41) node_modules/_egg-i18n@2.1.1@egg-i18n/app.js",
    "start": 1594969493926,
    "end": 1594969493935,
    "duration": 9,
    "pid": 10580,
    "index": 50
  },
  {
    "name": "Require(42) node_modules/_egg-watcher@3.1.1@egg-watcher/app.js",
    "start": 1594969493936,
    "end": 1594969493940,
    "duration": 4,
    "pid": 10580,
    "index": 51
  },
  {
    "name": "Require(43) node_modules/_egg-schedule@3.6.4@egg-schedule/app.js",
    "start": 1594969493941,
    "end": 1594969493944,
    "duration": 3,
    "pid": 10580,
    "index": 52
  },
  {
    "name": "Require(44) node_modules/_egg-multipart@2.10.3@egg-multipart/app.js",
    "start": 1594969493944,
    "end": 1594969493945,
    "duration": 1,
    "pid": 10580,
    "index": 53
  },
  {
    "name": "Require(45) node_modules/_egg-development@2.5.0@egg-development/app.js",
    "start": 1594969493945,
    "end": 1594969493945,
    "duration": 0,
    "pid": 10580,
    "index": 54
  },
  {
    "name": "Require(46) node_modules/_egg-logrotator@3.1.0@egg-logrotator/app.js",
    "start": 1594969493946,
    "end": 1594969493946,
    "duration": 0,
    "pid": 10580,
    "index": 55
  },
  {
    "name": "Require(47) node_modules/_egg-static@2.2.0@egg-static/app.js",
    "start": 1594969493946,
    "end": 1594969493946,
    "duration": 0,
    "pid": 10580,
    "index": 56
  },
  {
    "name": "Require(48) node_modules/_egg-sequelize@5.2.2@egg-sequelize/app.js",
    "start": 1594969493947,
    "end": 1594969493947,
    "duration": 0,
    "pid": 10580,
    "index": 57
  },
  {
    "name": "Require(49) node_modules/_egg-cors@2.2.3@egg-cors/app.js",
    "start": 1594969493948,
    "end": 1594969493948,
    "duration": 0,
    "pid": 10580,
    "index": 58
  },
  {
    "name": "Require(50) node_modules/_egg-jwt@3.1.7@egg-jwt/app.js",
    "start": 1594969493948,
    "end": 1594969493948,
    "duration": 0,
    "pid": 10580,
    "index": 59
  },
  {
    "name": "Before Start in node_modules/_egg-watcher@3.1.1@egg-watcher/lib/init.js:15:14",
    "start": 1594969493962,
    "end": 1594969494467,
    "duration": 505,
    "pid": 10580,
    "index": 60
  },
  {
    "name": "Load \"Symbol(crm)\" to Application",
    "start": 1594969494302,
    "end": 1594969494310,
    "duration": 8,
    "pid": 10580,
    "index": 61
  },
  {
    "name": "Load \"Symbol(road)\" to Application",
    "start": 1594969494310,
    "end": 1594969494317,
    "duration": 7,
    "pid": 10580,
    "index": 62
  },
  {
    "name": "Before Start in node_modules/_egg-sequelize@5.2.2@egg-sequelize/lib/loader.js:39:7",
    "start": 1594969494317,
    "end": 1594969494556,
    "duration": 239,
    "pid": 10580,
    "index": 63
  },
  {
    "name": "Load Service",
    "start": 1594969494317,
    "end": 1594969494331,
    "duration": 14,
    "pid": 10580,
    "index": 64
  },
  {
    "name": "Load \"service\" to Context",
    "start": 1594969494317,
    "end": 1594969494331,
    "duration": 14,
    "pid": 10580,
    "index": 65
  },
  {
    "name": "Load Middleware",
    "start": 1594969494331,
    "end": 1594969494433,
    "duration": 102,
    "pid": 10580,
    "index": 66
  },
  {
    "name": "Load \"middlewares\" to Application",
    "start": 1594969494331,
    "end": 1594969494422,
    "duration": 91,
    "pid": 10580,
    "index": 67
  },
  {
    "name": "Load Controller",
    "start": 1594969494433,
    "end": 1594969494437,
    "duration": 4,
    "pid": 10580,
    "index": 68
  },
  {
    "name": "Load \"controller\" to Application",
    "start": 1594969494433,
    "end": 1594969494437,
    "duration": 4,
    "pid": 10580,
    "index": 69
  },
  {
    "name": "Load Router",
    "start": 1594969494437,
    "end": 1594969494439,
    "duration": 2,
    "pid": 10580,
    "index": 70
  },
  {
    "name": "Require(51) app/router.js",
    "start": 1594969494437,
    "end": 1594969494437,
    "duration": 0,
    "pid": 10580,
    "index": 71
  },
  {
    "name": "Before Start in node_modules/_egg-core@4.17.4@egg-core/lib/egg.js:303:10",
    "start": 1594969494438,
    "end": 1594969494454,
    "duration": 16,
    "pid": 10580,
    "index": 72
  }
]