[
  {
    "name": "Application Start",
    "start": 1594950402657,
    "end": 1594950403689,
    "duration": 1032,
    "pid": 3032,
    "index": 0
  },
  {
    "name": "Load Plugin",
    "start": 1594950402661,
    "end": 1594950402688,
    "duration": 27,
    "pid": 3032,
    "index": 1
  },
  {
    "name": "Load Config",
    "start": 1594950402688,
    "end": 1594950402711,
    "duration": 23,
    "pid": 3032,
    "index": 2
  },
  {
    "name": "Require(0) config/config.default.js",
    "start": 1594950402689,
    "end": 1594950402689,
    "duration": 0,
    "pid": 3032,
    "index": 3
  },
  {
    "name": "Require(1) node_modules/_egg-session@3.2.0@egg-session/config/config.default.js",
    "start": 1594950402691,
    "end": 1594950402691,
    "duration": 0,
    "pid": 3032,
    "index": 4
  },
  {
    "name": "Require(2) node_modules/_egg-security@2.8.0@egg-security/config/config.default.js",
    "start": 1594950402692,
    "end": 1594950402692,
    "duration": 0,
    "pid": 3032,
    "index": 5
  },
  {
    "name": "Require(3) node_modules/_egg-jsonp@2.0.0@egg-jsonp/config/config.default.js",
    "start": 1594950402693,
    "end": 1594950402694,
    "duration": 1,
    "pid": 3032,
    "index": 6
  },
  {
    "name": "Require(4) node_modules/_egg-onerror@2.1.0@egg-onerror/config/config.default.js",
    "start": 1594950402694,
    "end": 1594950402694,
    "duration": 0,
    "pid": 3032,
    "index": 7
  },
  {
    "name": "Require(5) node_modules/_egg-i18n@2.1.1@egg-i18n/config/config.default.js",
    "start": 1594950402695,
    "end": 1594950402695,
    "duration": 0,
    "pid": 3032,
    "index": 8
  },
  {
    "name": "Require(6) node_modules/_egg-watcher@3.1.1@egg-watcher/config/config.default.js",
    "start": 1594950402696,
    "end": 1594950402696,
    "duration": 0,
    "pid": 3032,
    "index": 9
  },
  {
    "name": "Require(7) node_modules/_egg-schedule@3.6.4@egg-schedule/config/config.default.js",
    "start": 1594950402696,
    "end": 1594950402697,
    "duration": 1,
    "pid": 3032,
    "index": 10
  },
  {
    "name": "Require(8) node_modules/_egg-multipart@2.10.3@egg-multipart/config/config.default.js",
    "start": 1594950402697,
    "end": 1594950402698,
    "duration": 1,
    "pid": 3032,
    "index": 11
  },
  {
    "name": "Require(9) node_modules/_egg-development@2.5.0@egg-development/config/config.default.js",
    "start": 1594950402698,
    "end": 1594950402699,
    "duration": 1,
    "pid": 3032,
    "index": 12
  },
  {
    "name": "Require(10) node_modules/_egg-logrotator@3.1.0@egg-logrotator/config/config.default.js",
    "start": 1594950402699,
    "end": 1594950402700,
    "duration": 1,
    "pid": 3032,
    "index": 13
  },
  {
    "name": "Require(11) node_modules/_egg-static@2.2.0@egg-static/config/config.default.js",
    "start": 1594950402700,
    "end": 1594950402700,
    "duration": 0,
    "pid": 3032,
    "index": 14
  },
  {
    "name": "Require(12) node_modules/_egg-view@2.1.2@egg-view/config/config.default.js",
    "start": 1594950402701,
    "end": 1594950402701,
    "duration": 0,
    "pid": 3032,
    "index": 15
  },
  {
    "name": "Require(13) node_modules/_egg-sequelize@5.2.2@egg-sequelize/config/config.default.js",
    "start": 1594950402702,
    "end": 1594950402702,
    "duration": 0,
    "pid": 3032,
    "index": 16
  },
  {
    "name": "Require(14) node_modules/_egg-cors@2.2.3@egg-cors/config/config.default.js",
    "start": 1594950402703,
    "end": 1594950402703,
    "duration": 0,
    "pid": 3032,
    "index": 17
  },
  {
    "name": "Require(15) node_modules/_egg-jwt@3.1.7@egg-jwt/config/config.default.js",
    "start": 1594950402704,
    "end": 1594950402704,
    "duration": 0,
    "pid": 3032,
    "index": 18
  },
  {
    "name": "Require(16) node_modules/_egg@2.27.0@egg/config/config.default.js",
    "start": 1594950402704,
    "end": 1594950402705,
    "duration": 1,
    "pid": 3032,
    "index": 19
  },
  {
    "name": "Require(17) config/config.default.js",
    "start": 1594950402706,
    "end": 1594950402706,
    "duration": 0,
    "pid": 3032,
    "index": 20
  },
  {
    "name": "Require(18) node_modules/_egg-security@2.8.0@egg-security/config/config.local.js",
    "start": 1594950402707,
    "end": 1594950402707,
    "duration": 0,
    "pid": 3032,
    "index": 21
  },
  {
    "name": "Require(19) node_modules/_egg-watcher@3.1.1@egg-watcher/config/config.local.js",
    "start": 1594950402708,
    "end": 1594950402708,
    "duration": 0,
    "pid": 3032,
    "index": 22
  },
  {
    "name": "Require(20) node_modules/_egg-view@2.1.2@egg-view/config/config.local.js",
    "start": 1594950402709,
    "end": 1594950402710,
    "duration": 1,
    "pid": 3032,
    "index": 23
  },
  {
    "name": "Require(21) node_modules/_egg@2.27.0@egg/config/config.local.js",
    "start": 1594950402710,
    "end": 1594950402711,
    "duration": 1,
    "pid": 3032,
    "index": 24
  },
  {
    "name": "Load extend/application.js",
    "start": 1594950402712,
    "end": 1594950402810,
    "duration": 98,
    "pid": 3032,
    "index": 25
  },
  {
    "name": "Require(22) node_modules/_egg-session@3.2.0@egg-session/app/extend/application.js",
    "start": 1594950402713,
    "end": 1594950402715,
    "duration": 2,
    "pid": 3032,
    "index": 26
  },
  {
    "name": "Require(23) node_modules/_egg-security@2.8.0@egg-security/app/extend/application.js",
    "start": 1594950402715,
    "end": 1594950402717,
    "duration": 2,
    "pid": 3032,
    "index": 27
  },
  {
    "name": "Require(24) node_modules/_egg-jsonp@2.0.0@egg-jsonp/app/extend/application.js",
    "start": 1594950402717,
    "end": 1594950402720,
    "duration": 3,
    "pid": 3032,
    "index": 28
  },
  {
    "name": "Require(25) node_modules/_egg-logrotator@3.1.0@egg-logrotator/app/extend/application.js",
    "start": 1594950402722,
    "end": 1594950402725,
    "duration": 3,
    "pid": 3032,
    "index": 29
  },
  {
    "name": "Require(26) node_modules/_egg-view@2.1.2@egg-view/app/extend/application.js",
    "start": 1594950402726,
    "end": 1594950402729,
    "duration": 3,
    "pid": 3032,
    "index": 30
  },
  {
    "name": "Require(27) node_modules/_egg-jwt@3.1.7@egg-jwt/app/extend/application.js",
    "start": 1594950402731,
    "end": 1594950402807,
    "duration": 76,
    "pid": 3032,
    "index": 31
  },
  {
    "name": "Load extend/request.js",
    "start": 1594950402811,
    "end": 1594950402819,
    "duration": 8,
    "pid": 3032,
    "index": 32
  },
  {
    "name": "Require(28) node_modules/_egg@2.27.0@egg/app/extend/request.js",
    "start": 1594950402814,
    "end": 1594950402816,
    "duration": 2,
    "pid": 3032,
    "index": 33
  },
  {
    "name": "Load extend/response.js",
    "start": 1594950402819,
    "end": 1594950402830,
    "duration": 11,
    "pid": 3032,
    "index": 34
  },
  {
    "name": "Require(29) node_modules/_egg@2.27.0@egg/app/extend/response.js",
    "start": 1594950402823,
    "end": 1594950402826,
    "duration": 3,
    "pid": 3032,
    "index": 35
  },
  {
    "name": "Load extend/context.js",
    "start": 1594950402830,
    "end": 1594950402911,
    "duration": 81,
    "pid": 3032,
    "index": 36
  },
  {
    "name": "Require(30) node_modules/_egg-security@2.8.0@egg-security/app/extend/context.js",
    "start": 1594950402830,
    "end": 1594950402847,
    "duration": 17,
    "pid": 3032,
    "index": 37
  },
  {
    "name": "Require(31) node_modules/_egg-jsonp@2.0.0@egg-jsonp/app/extend/context.js",
    "start": 1594950402847,
    "end": 1594950402848,
    "duration": 1,
    "pid": 3032,
    "index": 38
  },
  {
    "name": "Require(32) node_modules/_egg-i18n@2.1.1@egg-i18n/app/extend/context.js",
    "start": 1594950402849,
    "end": 1594950402849,
    "duration": 0,
    "pid": 3032,
    "index": 39
  },
  {
    "name": "Require(33) node_modules/_egg-multipart@2.10.3@egg-multipart/app/extend/context.js",
    "start": 1594950402850,
    "end": 1594950402903,
    "duration": 53,
    "pid": 3032,
    "index": 40
  },
  {
    "name": "Require(34) node_modules/_egg-view@2.1.2@egg-view/app/extend/context.js",
    "start": 1594950402904,
    "end": 1594950402905,
    "duration": 1,
    "pid": 3032,
    "index": 41
  },
  {
    "name": "Require(35) node_modules/_egg@2.27.0@egg/app/extend/context.js",
    "start": 1594950402906,
    "end": 1594950402908,
    "duration": 2,
    "pid": 3032,
    "index": 42
  },
  {
    "name": "Load extend/helper.js",
    "start": 1594950402911,
    "end": 1594950402956,
    "duration": 45,
    "pid": 3032,
    "index": 43
  },
  {
    "name": "Require(36) node_modules/_egg-security@2.8.0@egg-security/app/extend/helper.js",
    "start": 1594950402918,
    "end": 1594950402950,
    "duration": 32,
    "pid": 3032,
    "index": 44
  },
  {
    "name": "Require(37) node_modules/_egg@2.27.0@egg/app/extend/helper.js",
    "start": 1594950402952,
    "end": 1594950402953,
    "duration": 1,
    "pid": 3032,
    "index": 45
  },
  {
    "name": "Load app.js",
    "start": 1594950402956,
    "end": 1594950403009,
    "duration": 53,
    "pid": 3032,
    "index": 46
  },
  {
    "name": "Require(38) node_modules/_egg-session@3.2.0@egg-session/app.js",
    "start": 1594950402957,
    "end": 1594950402957,
    "duration": 0,
    "pid": 3032,
    "index": 47
  },
  {
    "name": "Require(39) node_modules/_egg-security@2.8.0@egg-security/app.js",
    "start": 1594950402958,
    "end": 1594950402960,
    "duration": 2,
    "pid": 3032,
    "index": 48
  },
  {
    "name": "Require(40) node_modules/_egg-onerror@2.1.0@egg-onerror/app.js",
    "start": 1594950402961,
    "end": 1594950402980,
    "duration": 19,
    "pid": 3032,
    "index": 49
  },
  {
    "name": "Require(41) node_modules/_egg-i18n@2.1.1@egg-i18n/app.js",
    "start": 1594950402981,
    "end": 1594950402992,
    "duration": 11,
    "pid": 3032,
    "index": 50
  },
  {
    "name": "Require(42) node_modules/_egg-watcher@3.1.1@egg-watcher/app.js",
    "start": 1594950402993,
    "end": 1594950402997,
    "duration": 4,
    "pid": 3032,
    "index": 51
  },
  {
    "name": "Require(43) node_modules/_egg-schedule@3.6.4@egg-schedule/app.js",
    "start": 1594950402998,
    "end": 1594950403000,
    "duration": 2,
    "pid": 3032,
    "index": 52
  },
  {
    "name": "Require(44) node_modules/_egg-multipart@2.10.3@egg-multipart/app.js",
    "start": 1594950403001,
    "end": 1594950403002,
    "duration": 1,
    "pid": 3032,
    "index": 53
  },
  {
    "name": "Require(45) node_modules/_egg-development@2.5.0@egg-development/app.js",
    "start": 1594950403003,
    "end": 1594950403003,
    "duration": 0,
    "pid": 3032,
    "index": 54
  },
  {
    "name": "Require(46) node_modules/_egg-logrotator@3.1.0@egg-logrotator/app.js",
    "start": 1594950403004,
    "end": 1594950403004,
    "duration": 0,
    "pid": 3032,
    "index": 55
  },
  {
    "name": "Require(47) node_modules/_egg-static@2.2.0@egg-static/app.js",
    "start": 1594950403005,
    "end": 1594950403005,
    "duration": 0,
    "pid": 3032,
    "index": 56
  },
  {
    "name": "Require(48) node_modules/_egg-sequelize@5.2.2@egg-sequelize/app.js",
    "start": 1594950403006,
    "end": 1594950403006,
    "duration": 0,
    "pid": 3032,
    "index": 57
  },
  {
    "name": "Require(49) node_modules/_egg-cors@2.2.3@egg-cors/app.js",
    "start": 1594950403007,
    "end": 1594950403008,
    "duration": 1,
    "pid": 3032,
    "index": 58
  },
  {
    "name": "Require(50) node_modules/_egg-jwt@3.1.7@egg-jwt/app.js",
    "start": 1594950403008,
    "end": 1594950403008,
    "duration": 0,
    "pid": 3032,
    "index": 59
  },
  {
    "name": "Before Start in node_modules/_egg-watcher@3.1.1@egg-watcher/lib/init.js:15:14",
    "start": 1594950403025,
    "end": 1594950403591,
    "duration": 566,
    "pid": 3032,
    "index": 60
  },
  {
    "name": "Load \"Symbol(crm)\" to Application",
    "start": 1594950403365,
    "end": 1594950403373,
    "duration": 8,
    "pid": 3032,
    "index": 61
  },
  {
    "name": "Load \"Symbol(road)\" to Application",
    "start": 1594950403373,
    "end": 1594950403380,
    "duration": 7,
    "pid": 3032,
    "index": 62
  },
  {
    "name": "Before Start in node_modules/_egg-sequelize@5.2.2@egg-sequelize/lib/loader.js:39:7",
    "start": 1594950403380,
    "end": 1594950403689,
    "duration": 309,
    "pid": 3032,
    "index": 63
  },
  {
    "name": "Load Service",
    "start": 1594950403381,
    "end": 1594950403397,
    "duration": 16,
    "pid": 3032,
    "index": 64
  },
  {
    "name": "Load \"service\" to Context",
    "start": 1594950403381,
    "end": 1594950403397,
    "duration": 16,
    "pid": 3032,
    "index": 65
  },
  {
    "name": "Load Middleware",
    "start": 1594950403397,
    "end": 1594950403556,
    "duration": 159,
    "pid": 3032,
    "index": 66
  },
  {
    "name": "Load \"middlewares\" to Application",
    "start": 1594950403397,
    "end": 1594950403545,
    "duration": 148,
    "pid": 3032,
    "index": 67
  },
  {
    "name": "Load Controller",
    "start": 1594950403556,
    "end": 1594950403560,
    "duration": 4,
    "pid": 3032,
    "index": 68
  },
  {
    "name": "Load \"controller\" to Application",
    "start": 1594950403556,
    "end": 1594950403560,
    "duration": 4,
    "pid": 3032,
    "index": 69
  },
  {
    "name": "Load Router",
    "start": 1594950403560,
    "end": 1594950403562,
    "duration": 2,
    "pid": 3032,
    "index": 70
  },
  {
    "name": "Require(51) app/router.js",
    "start": 1594950403560,
    "end": 1594950403560,
    "duration": 0,
    "pid": 3032,
    "index": 71
  },
  {
    "name": "Before Start in node_modules/_egg-core@4.17.4@egg-core/lib/egg.js:303:10",
    "start": 1594950403561,
    "end": 1594950403577,
    "duration": 16,
    "pid": 3032,
    "index": 72
  }
]