[
  {
    "name": null,
    "methods": [
      "POST"
    ],
    "paramNames": [],
    "path": "/api/v1/crm/login",
    "regexp": "/^\\/api\\/v1\\/crm\\/login(?:\\/(?=$))?$/",
    "stack": [
      "wrappedController"
    ]
  },
  {
    "name": null,
    "methods": [
      "HEAD",
      "GET"
    ],
    "paramNames": [],
    "path": "/api/v1/road/getUser",
    "regexp": "/^\\/api\\/v1\\/road\\/getUser(?:\\/(?=$))?$/",
    "stack": [
      "authorTest",
      "wrappedController"
    ]
  },
  {
    "name": null,
    "methods": [
      "HEAD",
      "GET"
    ],
    "paramNames": [],
    "path": "/api/v1/road/orderCount",
    "regexp": "/^\\/api\\/v1\\/road\\/orderCount(?:\\/(?=$))?$/",
    "stack": [
      "authorTest",
      "wrappedController"
    ]
  },
  {
    "name": null,
    "methods": [
      "HEAD",
      "GET"
    ],
    "paramNames": [],
    "path": "/api/v1/road/getOrderList",
    "regexp": "/^\\/api\\/v1\\/road\\/getOrderList(?:\\/(?=$))?$/",
    "stack": [
      "authorTest",
      "wrappedController"
    ]
  }
]